"dI [mm]","wF [mm]","Freq [GHz]","re(Z(1,1)) []","im(Z(1,1)) []"
7.5,1.5,1.85,5.95496008685247,149.438726797259
7.5,1.5,1.853,6.08363526375986,150.449273999354
7.5,1.5,1.856,6.21609343781439,151.474283815293
7.5,1.5,1.859,6.352479241438,152.51411771542
7.5,1.5,1.862,6.49294414102239,153.5691495981
7.5,1.5,1.865,6.63764682288368,154.639766326038
7.5,1.5,1.868,6.78675360459584,155.726368290131
7.5,1.5,1.871,6.94043887360934,156.829370002457
7.5,1.5,1.874,7.0988855552225,157.949200720153
7.5,1.5,1.877,7.2622856121505,159.086305101997
7.5,1.5,1.88,7.43084057812912,160.241143899673
7.5,1.5,1.883,7.60476212820159,161.414194685798
7.5,1.5,1.886,7.78427268857073,162.605952620952
7.5,1.5,1.889,7.96960608915135,163.816931262081
7.5,1.5,1.892,8.16100826223864,165.047663414821
7.5,1.5,1.895,8.35873799101592,166.298702032453
7.5,1.5,1.898,8.56306771196135,167.570621164372
7.5,1.5,1.901,8.77428437558913,168.864016957179
7.5,1.5,1.904,8.99269037036731,170.179508711681
7.5,1.5,1.907,9.21860451510955,171.517739999329
7.5,1.5,1.91,9.45236312563602,172.879379841867
7.5,1.5,1.913,9.69432116205121,174.265123958199
7.5,1.5,1.916,9.94485346359698,175.675696082785
7.5,1.5,1.919,10.2043560787131,177.111849360159
7.5,1.5,1.922,10.4732476986884,178.574367820454
7.5,1.5,1.925,10.7519712041108,180.0640679412
7.5,1.5,1.928,11.0409953342515,181.581800300972
7.5,1.5,1.931,11.3408164905347,183.128451330859
7.5,1.5,1.934,11.6519606863888,184.70494517015
7.5,1.5,1.937,11.9749856570342,186.312245633017
7.5,1.5,1.94,12.3104831441802,187.951358293462
7.5,1.5,1.943,12.6590813721742,189.623332696256
7.5,1.5,1.946,13.0214477339028,191.329264702098
7.5,1.5,1.949,13.3982917067119,193.070298975754
7.5,1.5,1.952,13.7903680208081,194.847631626488
7.5,1.5,1.955,14.1984801050679,196.662513010642
7.5,1.5,1.958,14.6234838379371,198.516250706851
7.5,1.5,1.961,15.0662916342106,200.410212674932
7.5,1.5,1.964,15.5278769019549,202.345830610142
7.5,1.5,1.967,16.0092789077633,204.324603505061
7.5,1.5,1.97,16.5116080929421,206.348101431995
7.5,1.5,1.973,17.0360518882043,208.41796955933
7.5,1.5,1.976,17.5838810800697,210.535932415814
7.5,1.5,1.979,18.1564567885153,212.703798417209
7.5,1.5,1.982,18.755238122612,214.923464670093
7.5,1.5,1.985,19.3817905890258,217.196922067859
7.5,1.5,1.988,20.0377953374922,219.526260693965
7.5,1.5,1.991,20.725059337868,221.913675547341
7.5,1.5,1.994,21.4455265952832,224.361472604306
7.5,1.5,1.997,22.2012905234911,226.872075230462
7.5,1.5,2,22.9946076119825,229.448030954551
7.5,1.5,2.003,23.8279125400778,232.092018614153
7.5,1.5,2.006,24.7038349113653,234.806855880098
7.5,1.5,2.009,25.6252178049042,237.595507162364
7.5,1.5,2.012,26.5951383659933,240.461091894765
7.5,1.5,2.015,27.6169306895345,243.406893188472
7.5,1.5,2.018,28.6942112836989,246.436366834993
7.5,1.5,2.021,29.8309074414048,249.553150626959
7.5,1.5,2.024,31.0312888928599,252.761073949387
7.5,1.5,2.027,32.3000031650065,256.064167573884
7.5,1.5,2.03,33.6421151342193,259.466673562669
7.5,1.5,2.033,35.0631513282626,262.973055156623
7.5,1.5,2.036,36.5691496137151,266.58800648025
7.5,1.5,2.039,38.1667149974287,270.316461844121
7.5,1.5,2.042,39.8630823769498,274.163604359224
7.5,1.5,2.045,41.6661871972006,278.134873494109
7.5,1.5,2.048,43.5847451114609,282.235971100326
7.5,1.5,2.051,45.6283419062763,286.472865298539
7.5,1.5,2.054,47.8075351350926,290.851791449859
7.5,1.5,2.057,50.1339691170435,295.379249224909
7.5,1.5,2.06,52.6205051982124,300.061994515567
7.5,1.5,2.063,55.28136944555,304.907024596168
7.5,1.5,2.066,58.1323202504804,309.921554513637
7.5,1.5,2.069,61.1908386611253,315.112982145502
7.5,1.5,2.072,64.4763446380482,320.488838680847
7.5,1.5,2.075,68.0104428344101,326.056720413412
7.5,1.5,2.078,71.8172019283139,331.824196639506
7.5,1.5,2.081,75.9234719660025,337.798687064432
7.5,1.5,2.084,80.3592445807451,343.987300362045
7.5,1.5,2.087,85.1580612872853,350.396623305275
7.5,1.5,2.09,90.3574752428076,357.032447069639
7.5,1.5,2.093,95.9995718010656,363.899413757234
7.5,1.5,2.096,102.13155269869,371.000561713711
7.5,1.5,2.099,108.806387551899,378.336742598967
7.5,1.5,2.102,116.08353414064,385.905876174563
7.5,1.5,2.105,124.029725180644,393.70200011389
7.5,1.5,2.108,132.71981316095,401.714061551567
7.5,1.5,2.111,142.237655255033,409.9243843411
7.5,1.5,2.114,152.677005747935,418.306731000396
7.5,1.5,2.117,164.142361708546,426.823861314072
7.5,1.5,2.12,176.749675848394,435.424471336713
7.5,1.5,2.123,190.626804770459,444.039378958274
7.5,1.5,2.126,205.913496191638,452.576808893808
7.5,1.5,2.129,222.760629324305,460.916627503836
7.5,1.5,2.132,241.32830212018,468.9033973677
7.5,1.5,2.135,261.782202286158,476.338180977568
7.5,1.5,2.138,284.287504941748,482.969149842913
7.5,1.5,2.141,308.999317994445,488.481289511124
7.5,1.5,2.144,336.048477314863,492.485885571664
7.5,1.5,2.147,365.521345806219,494.511092585735
7.5,1.5,2.15,397.432321821283,493.995781669668
7.5,1.5,2.153,431.688224863112,490.290041714396
7.5,1.5,2.156,468.044903379406,482.667063123921
7.5,1.5,2.159,506.058653157351,470.352318225529
7.5,1.5,2.162,545.038597044024,452.576264957876
7.5,1.5,2.165,584.010891410777,428.655122167201
7.5,1.5,2.168,621.710434309224,398.09927558488
7.5,1.5,2.171,656.618292059897,360.739766871373
7.5,1.5,2.174,687.059858725271,316.851080942591
7.5,1.5,2.177,711.36672955296,267.237142285524
7.5,1.5,2.18,728.084631196833,213.244043195641
7.5,1.5,2.183,736.186794472553,156.674307747106
7.5,1.5,2.186,735.238524296822,99.6042866292031
7.5,1.5,2.189,725.465161153202,44.1394626297922
7.5,1.5,2.192,707.703274382442,-7.83408648296667
7.5,1.5,2.195,683.251955646052,-54.8430013942236
7.5,1.5,2.198,653.669537175741,-95.9277059843702
7.5,1.5,2.201,620.568912691535,-130.646570800404
7.5,1.5,2.204,585.452592716092,-159.005363578159
7.5,1.5,2.207,549.606899509593,-181.346294837823
7.5,1.5,2.21,514.054593566331,-198.22881369006
7.5,1.5,2.213,479.553004119348,-210.32414876329
7.5,1.5,2.216,446.620906879106,-218.334083489447
7.5,1.5,2.219,415.579203742185,-222.935604161379
7.5,1.5,2.222,386.594672556725,-224.747972409713
7.5,1.5,2.225,359.720398067164,-224.316822832513
7.5,1.5,2.228,334.929892851349,-222.109895131724
7.5,1.5,2.231,312.144139370101,-218.519940649312
7.5,1.5,2.234,291.252016595551,-213.871518094824
7.5,1.5,2.237,272.125120678904,-208.429464426505
7.5,1.5,2.24,254.628123439259,-202.407666157253
7.5,1.5,2.243,238.625733861883,-195.977353813467
7.5,1.5,2.246,223.987161163506,-189.274537536252
7.5,1.5,2.249,210.588792858635,-182.406446545277
7.5,1.5,2.252,198.315631328341,-175.456976119563
7.5,1.5,2.255,187.06189048295,-168.49121924509
7.5,1.5,2.258,176.731042149185,-161.559192057336
7.5,1.5,2.261,167.235516770281,-154.698870062774
7.5,1.5,2.264,158.496200150239,-147.938646982667
7.5,1.5,2.267,150.441822472736,-141.299316734033
7.5,1.5,2.27,143.008303444472,-134.795665521552
7.5,1.5,2.273,136.138094710688,-128.437747446357
7.5,1.5,2.276,129.779544999921,-122.23190453965
7.5,1.5,2.279,123.886302771042,-116.181581159538
7.5,1.5,2.282,118.41676398394,-110.28797335123
7.5,1.5,2.285,113.333567928763,-104.550545981915
7.5,1.5,2.288,108.603141064637,-98.9674440562905
7.5,1.5,2.291,104.195286997142,-93.5358194028549
7.5,1.5,2.294,100.082819685705,-88.2520897036359
7.5,1.5,2.297,96.2412364535865,-83.1121434464278
7.5,1.5,2.3,92.6484271921074,-78.1115016572226
7.5,1.5,2.303,89.2844161824292,-73.2454450930284
7.5,1.5,2.306,86.1311331179151,-68.5091138353569
7.5,1.5,2.309,83.1722101413235,-63.8975848354104
7.5,1.5,2.312,80.3928019764121,-59.405931852944
7.5,1.5,2.315,77.7794265089997,-55.0292713453142
7.5,1.5,2.318,75.3198234430706,-50.7627971559029
7.5,1.5,2.321,73.00282891428,-46.6018062857691
7.5,1.5,2.324,70.818264181324,-42.5417175801236
7.5,1.5,2.327,68.7568367329601,-38.5780847991341
7.5,1.5,2.33,66.8100523444878,-34.7066052523633
7.5,1.5,2.333,64.9701367928197,-30.9231249433525
7.5,1.5,2.336,63.2299660950912,-27.2236409839225
7.5,1.5,2.339,61.5830042735655,-23.6043018875157
7.5,1.5,2.342,60.023247771052,-20.0614062300405
7.5,1.5,2.345,58.5451757478269,-16.5914000693688
7.5,1.5,2.348,57.1437055847134,-13.190873436246
7.5,1.5,2.351,55.8141529990599,-9.85655614618114
7.5,1.5,2.354,54.5521962522084,-6.58531313093466
7.5,1.5,2.357,53.3538439898984,-3.37413944710744
7.5,1.5,2.36,52.2154063120709,-0.220155086200341
7.5,1.5,2.363,51.1334687166283,2.8794003162299
7.5,1.5,2.366,50.1048686038159,5.92717279623704
7.5,1.5,2.369,49.1266740647428,8.92569934324266
7.5,1.5,2.372,48.196164709832,11.8774131031136
7.5,1.5,2.375,47.3108143212828,14.7846484690004
7.5,1.5,2.378,46.4682751384349,17.6496460353547
7.5,1.5,2.381,45.6663636067031,20.4745573977309
7.5,1.5,2.384,44.9030474398832,23.2614497866911
7.5,1.5,2.387,44.1764338624584,26.0123105286623
7.5,1.5,2.39,43.4847589133368,28.7290513301791
7.5,1.5,2.393,42.8263777055099,31.413512384732
7.5,1.5,2.396,42.1997555476247,34.067466303622
7.5,1.5,2.399,41.6034598436271,36.6926218738843
7.5,1.5,2.402,41.0361526956183,39.2906276475955
7.5,1.5,2.405,40.4965841430142,41.8630753678192
7.5,1.5,2.408,39.9835859781409,44.411503237101
7.5,1.5,2.411,39.4960660846425,46.9373990348864
7.5,1.5,2.414,39.033003250628,49.4422030905254
7.5,1.5,2.417,38.5934424134053,51.9273111186851
7.5,1.5,2.42,38.1764902970449,54.3940769240509
7.5,1.5,2.423,37.7813114079181,56.8438149821694
7.5,1.5,2.426,37.4071243568424,59.2778029032098
7.5,1.5,2.429,37.0531984795807,61.6972837852809
7.5,1.5,2.432,36.7188507302193,64.1034684637875
7.5,1.5,2.435,36.4034428244476,66.4975376631171
7.5,1.5,2.438,36.1063786119898,68.8806440567457
7.5,1.5,2.441,35.827101659442,71.2539142416462
7.5,1.5,2.444,35.5650930265718,73.6184506326584
7.5,1.5,2.447,35.3198692207518,75.9753332822676
7.5,1.5,2.45,35.0909803156618,78.3256216310294
7.5,1.5,2.453,34.8780082217033,80.6703561936615
7.5,1.5,2.456,34.6805650967656,83.0105601856302
7.5,1.5,2.459,34.4982918870526,85.3472410948638
7.5,1.5,2.462,34.3308569886539,87.6813922030393
7.5,1.5,2.465,34.1779550214318,90.0139940607262
7.5,1.5,2.468,34.0393057075941,92.3460159204972
7.5,1.5,2.471,33.9146528480586,94.6784171319748
7.5,1.5,2.474,33.8037633903838,97.0121485026417
7.5,1.5,2.477,33.7064265826469,99.3481536281169
7.5,1.5,2.48,33.6224532082213,101.687370195477
7.5,1.5,2.483,33.5516748969097,104.030731263117
7.5,1.5,2.486,33.4939435083727,106.379166520528
7.5,1.5,2.489,33.4491305842339,108.733603531316
7.5,1.5,2.492,33.417126865645,111.094968962691
7.5,1.5,2.495,33.3978418734822,113.464189804628
7.5,1.5,2.498,33.3912035487,115.842194581826
7.5,1.5,2.501,33.397157950704,118.229914561581
7.5,1.5,2.504,33.4156690119242,120.628284960651
7.5,1.5,2.507,33.4467183470701,123.038246154196
7.5,1.5,2.51,33.4903051158422,125.460744889857
7.5,1.5,2.513,33.5464459381462,127.896735510068
7.5,1.5,2.516,33.6151748611365,130.347181185708
7.5,1.5,2.519,33.6965433776681,132.81305516425
7.5,1.5,2.522,33.7906204960047,135.295342035587
7.5,1.5,2.525,33.8974928608808,137.79503901881
7.5,1.5,2.528,34.0172649262781,140.313157273264
7.5,1.5,2.531,34.1500591805281,142.850723237304
7.5,1.5,2.534,34.2960164246212,145.408779998272
7.5,1.5,2.537,34.455296104864,147.988388697342
7.5,1.5,2.54,34.6280767013024,150.590629973006
7.5,1.5,2.543,34.8145561736152,153.216605447109
7.5,1.5,2.546,35.0149524664729,155.867439257547
7.5,1.5,2.549,35.22950407667,158.544279641875
7.5,1.5,2.552,35.4584706846652,161.248300576311
7.5,1.5,2.555,35.7021338535061,163.980703474835
7.5,1.5,2.558,35.9607977984857,166.742718953317
7.5,1.5,2.561,36.2347902312665,169.535608663901
7.5,1.5,2.564,36.524463282632,172.360667205124
7.5,1.5,2.567,36.8301945084736,175.21922411362
7.5,1.5,2.57,37.1523879841109,178.112645943556
7.5,1.5,2.573,37.4914754925722,181.042338440368
7.5,1.5,2.576,37.8479178130313,184.009748815743
7.5,1.5,2.579,38.2222061162248,187.016368131265
7.5,1.5,2.582,38.6148634743493,190.063733798613
7.5,1.5,2.585,39.0264464936826,193.153432204726
7.5,1.5,2.588,39.4575470789819,196.287101470943
7.5,1.5,2.591,39.9087943396081,199.466434355707
7.5,1.5,2.594,40.3808566482965,202.693181311139
7.5,1.5,2.597,40.8744438645726,205.969153704474
7.5,1.5,2.6,41.3903097359971,209.296227216189
7.5,1.5,2.603,41.9292544917271,212.676345427462
7.5,1.5,2.606,42.4921276443254,216.111523610572
7.5,1.5,2.609,43.0798310173442,219.603852736835
7.5,1.5,2.612,43.6933220179763,223.155503717781
7.5,1.5,2.615,44.3336171760255,226.768731896448
7.5,1.5,2.618,45.0017959726203,230.445881806969
7.5,1.5,2.621,45.6990049845147,234.189392222034
7.5,1.5,2.624,46.4264623725041,238.001801509296
7.5,1.5,2.627,47.1854627454861,241.885753319453
7.5,1.5,2.63,47.9773824350298,245.844002630536
7.5,1.5,2.633,48.803685219056,249.879422174822
7.5,1.5,2.636,49.6659285374043,253.995009276931
7.5,1.5,2.639,50.5657702467271,258.193893133915
7.5,1.5,2.642,51.5049759674006,262.479342570611
7.5,1.5,2.645,52.4854270810143,266.8547743062
7.5,1.5,2.648,53.5091294436072,271.323761770789
7.5,1.5,2.651,54.5782228872647,275.890044513969
7.5,1.5,2.654,55.694991591052,280.557538250649
7.5,1.5,2.657,56.8618754117323,285.330345593124
7.5,1.5,2.66,58.0814822753814,290.212767522235
7.5,1.5,2.663,59.3566017431055,295.209315654695
7.5,1.5,2.666,60.6902198777577,300.324725368189
7.5,1.5,2.669,62.0855355540755,305.563969850671
7.5,1.5,2.672,63.5459783723174,310.932275145463
7.5,1.5,2.675,65.0752283555547,316.435136269226
7.5,1.5,2.678,66.6772376336577,322.078334485682
7.5,1.5,2.681,68.3562543431367,327.867955824045
7.5,1.5,2.684,70.1168490018414,333.810410937472
7.5,1.5,2.687,71.9639436517139,339.912456403385
7.5,1.5,2.69,73.9028441019549,346.181217574203
7.5,1.5,2.693,75.9392756499892,352.624213093654
7.5,1.5,2.696,78.0794227093704,359.24938120041
7.5,1.5,2.699,80.3299728334135,366.065107946858
7.5,1.5,2.702,82.6981656922019,373.080257466291
7.5,1.5,2.705,85.1918476401885,380.304204426184
7.5,1.5,2.708,87.8195326037731,387.74686880789
7.5,1.5,2.711,90.5904701251689,395.418753153581
7.5,1.5,2.714,93.5147215230846,403.330982418366
7.5,1.5,2.717,96.6032452753596,411.495346558198
7.5,1.5,2.72,99.8679928972919,419.924345970847
7.5,1.5,2.723,103.322016786342,428.631239885673
7.5,1.5,2.726,106.979591734272,437.630097765589
7.5,1.5,2.729,110.856352077798,446.935853737907
7.5,1.5,2.732,114.969446775769,456.56436400505
7.5,1.5,2.735,119.33771507347,466.532467095442
7.5,1.5,2.738,123.98188585336,476.858046691485
7.5,1.5,2.741,128.924804288859,487.560096605034
7.5,1.5,2.744,134.191690028435,498.658787247908
7.5,1.5,2.747,139.810431859113,510.175532648299
7.5,1.5,2.75,145.811924652433,522.133056670336
7.5,1.5,2.753,152.230455406891,534.555456573525
7.5,1.5,2.756,159.104146398221,547.468261361634
7.5,1.5,2.759,166.475464866927,560.898481464466
7.5,1.5,2.762,174.391810350915,574.874645101853
7.5,1.5,2.765,182.906192755484,589.426815105741
7.5,1.5,2.768,192.078016593989,604.586577902083
7.5,1.5,2.771,201.973989585582,620.386993618558
7.5,1.5,2.774,212.669177018319,636.862492672669
7.5,1.5,2.777,224.248227030469,654.048699421973
7.5,1.5,2.78,236.806796271402,671.982157143644
7.5,1.5,2.783,250.453210289316,690.69992024594
7.5,1.5,2.786,265.310398415898,710.238968521734
7.5,1.5,2.789,281.518148740378,730.635383530193
7.5,1.5,2.792,299.235734684138,751.923207635228
7.5,1.5,2.795,318.644970123322,774.13288024679
7.5,1.5,2.798,339.953753931007,797.289111308876
7.5,1.5,2.801,363.400165468854,821.408006329772
7.5,1.5,2.804,389.257167045467,846.493196759401
7.5,1.5,2.807,417.837952958571,872.530649914876
7.5,1.5,2.81,449.501949915174,899.481728684901
7.5,1.5,2.813,484.661408504921,927.273937015199
7.5,1.5,2.816,523.788411534513,955.788616946857
7.5,1.5,2.819,567.42193417792,984.844653018824
7.5,1.5,2.822,616.174280660832,1014.17699236532
7.5,1.5,2.825,670.735730554562,1043.40851966425
7.5,1.5,2.828,731.875467339586,1072.01357888408
7.5,1.5,2.831,800.435716853045,1099.27130509136
7.5,1.5,2.834,877.314355631293,1124.20711061983
7.5,1.5,2.837,963.42893047179,1145.52151082928
7.5,1.5,2.84,1059.65202854086,1161.50757182361
7.5,1.5,2.843,1166.70451121993,1169.96254742104
7.5,1.5,2.846,1284.99020329224,1168.10702592655
7.5,1.5,2.849,1414.35543365555,1152.53750000929
7.5,1.5,2.852,1553.76365848544,1119.25624394122
7.5,1.5,2.855,1700.89606757801,1063.84327887659
7.5,1.5,2.858,1851.73142587973,981.849870759429
7.5,1.5,2.861,2000.22527018027,869.481640358193
7.5,1.5,2.864,2138.28492092162,724.572850071845
7.5,1.5,2.867,2256.27445682921,547.710300173905
7.5,1.5,2.87,2344.20440722638,343.170717496961
7.5,1.5,2.873,2393.50780502027,119.199906845973
7.5,1.5,2.876,2398.9408022721,-112.748249197355
7.5,1.5,2.879,2359.90159544239,-339.803102936685
7.5,1.5,2.882,2280.58911977495,-549.969473557765
7.5,1.5,2.885,2168.92779067999,-734.107342600832
7.5,1.5,2.888,2034.7407015126,-886.964847735209
7.5,1.5,2.891,1887.88698099229,-1007.1273781669
7.5,1.5,2.894,1736.90691822488,-1096.19532305645
7.5,1.5,2.897,1588.35784431329,-1157.66708608863
7.5,1.5,2.9,1446.73127564473,-1195.90811117576
7.5,1.5,2.903,1314.72250115409,-1215.39279460417
7.5,1.5,2.906,1193.6407130899,-1220.24532912466
7.5,1.5,2.909,1083.82062586328,-1214.02133143362
7.5,1.5,2.912,984.968146568645,-1199.65014711025
7.5,1.5,2.915,896.421147146215,-1179.46833494154
7.5,1.5,2.918,817.331661814022,-1155.29541357747
7.5,1.5,2.921,746.785323079819,-1128.52205128055
7.5,1.5,2.924,683.87487297793,-1100.19480212315
7.5,1.5,2.927,627.742055908868,-1071.09030833945
7.5,1.5,2.93,577.598772086011,-1041.77688968238
7.5,1.5,2.933,532.735222769709,-1012.66397057437
7.5,1.5,2.936,492.52028883007,-984.040876058371
7.5,1.5,2.939,456.397567778738,-956.106828947536
7.5,1.5,2.942,423.879235013398,-928.993904616862
7.5,1.5,2.945,394.53905255412,-902.784469646635
7.5,1.5,2.948,368.005300527591,-877.524361005176
7.5,1.5,2.951,343.954058825204,-853.232807345717
7.5,1.5,2.954,322.103051004036,-829.909874242861
7.5,1.5,2.957,302.206132964892,-807.542035427141
7.5,1.5,2.96,284.048433985584,-786.106329530411
7.5,1.5,2.963,267.442116809464,-765.573451041906
7.5,1.5,2.966,252.222703451525,-745.910039132773
7.5,1.5,2.969,238.245905758598,-727.080363286369
7.5,1.5,2.972,225.384899252432,-709.047555679463
7.5,1.5,2.975,213.527982121064,-691.774503291862
7.5,1.5,2.978,202.576566417425,-675.224484876924
7.5,1.5,2.981,192.443454399114,-659.361616965471
7.5,1.5,2.984,183.051358830711,-644.151157297951
7.5,1.5,2.987,174.331631611904,-629.559702196008
7.5,1.5,2.99,166.223170121132,-615.555305426006
7.5,1.5,2.993,158.671475116566,-602.107539346137
7.5,1.5,2.996,151.627837916937,-589.18751402029
7.5,1.5,2.999,145.048637930901,-576.767866117556
7.5,1.5,3.002,138.894734466816,-564.82272648986
7.5,1.5,3.005,133.130939192005,-553.327673102051
7.5,1.5,3.008,127.725557677659,-542.259674306286
7.5,1.5,3.011,122.649990214719,-531.597026175852
7.5,1.5,3.014,117.878383564094,-521.319286644778
7.5,1.5,3.017,113.387326552678,-511.407208464766
7.5,1.5,3.02,109.155583480357,-501.842672434209
7.5,1.5,3.023,105.163860193216,-492.608621932904
7.5,1.5,3.026,101.394598430166,-483.688999478285
7.5,1.5,3.029,97.8317946864556,-475.068685780163
7.5,1.5,3.032,94.4608403760923,-466.733441592247
7.5,1.5,3.035,91.2683805319705,-458.66985252602
7.5,1.5,3.038,88.2421886702029,-450.86527689474
7.5,1.5,3.041,85.3710557748307,-443.30779658439
7.5,1.5,3.044,82.6446916398387,-435.986170897474
7.5,1.5,3.047,80.0536370448736,-428.889793280306
7.5,1.5,3.05,77.5891854456554,-422.008650820476
