"dI [mm]","Freq [GHz]","lP [mm]","Phi [deg]","wF [mm]","Theta [deg]","dB(GainTotal) []"
7.5,2.45,27.8,0,1.5,-180,-10.9377487479249
7.5,2.45,27.8,0,1.5,-178,-10.995104011155
7.5,2.45,27.8,0,1.5,-176,-11.0587897971015
7.5,2.45,27.8,0,1.5,-174,-11.1288354442039
7.5,2.45,27.8,0,1.5,-172,-11.2050046516328
7.5,2.45,27.8,0,1.5,-170,-11.2867696611872
7.5,2.45,27.8,0,1.5,-168,-11.3732900401651
7.5,2.45,27.8,0,1.5,-166,-11.4633977180954
7.5,2.45,27.8,0,1.5,-164,-11.5555904368288
7.5,2.45,27.8,0,1.5,-162,-11.6480362926186
7.5,2.45,27.8,0,1.5,-160,-11.7385924502495
7.5,2.45,27.8,0,1.5,-158,-11.8248412071384
7.5,2.45,27.8,0,1.5,-156,-11.9041461523969
7.5,2.45,27.8,0,1.5,-154,-11.9737299764596
7.5,2.45,27.8,0,1.5,-152,-12.030773395566
7.5,2.45,27.8,0,1.5,-150,-12.0725317033884
7.5,2.45,27.8,0,1.5,-148,-12.0964619794892
7.5,2.45,27.8,0,1.5,-146,-12.1003506293044
7.5,2.45,27.8,0,1.5,-144,-12.0824286014908
7.5,2.45,27.8,0,1.5,-142,-12.0414612210891
7.5,2.45,27.8,0,1.5,-140,-11.9768016377515
7.5,2.45,27.8,0,1.5,-138,-11.8884013117318
7.5,2.45,27.8,0,1.5,-136,-11.7767769011394
7.5,2.45,27.8,0,1.5,-134,-11.6429390091277
7.5,2.45,27.8,0,1.5,-132,-11.4882930803337
7.5,2.45,27.8,0,1.5,-130,-11.3145253156684
7.5,2.45,27.8,0,1.5,-128,-11.1234865357872
7.5,2.45,27.8,0,1.5,-126,-10.917084893593
7.5,2.45,27.8,0,1.5,-124,-10.6971950667359
7.5,2.45,27.8,0,1.5,-122,-10.4655879775679
7.5,2.45,27.8,0,1.5,-120,-10.2238819158615
7.5,2.45,27.8,0,1.5,-118,-9.97351358326922
7.5,2.45,27.8,0,1.5,-116,-9.71572613846759
7.5,2.45,27.8,0,1.5,-114,-9.45157068890714
7.5,2.45,27.8,0,1.5,-112,-9.18191763945083
7.5,2.45,27.8,0,1.5,-110,-8.90747464570738
7.5,2.45,27.8,0,1.5,-108,-8.6288084417394
7.5,2.45,27.8,0,1.5,-106,-8.34636838324303
7.5,2.45,27.8,0,1.5,-104,-8.06051008595888
7.5,2.45,27.8,0,1.5,-102,-7.77151800412383
7.5,2.45,27.8,0,1.5,-100,-7.47962617248586
7.5,2.45,27.8,0,1.5,-98,-7.18503663153913
7.5,2.45,27.8,0,1.5,-96,-6.88793528080907
7.5,2.45,27.8,0,1.5,-94,-6.5885050731085
7.5,2.45,27.8,0,1.5,-92,-6.28693658667721
7.5,2.45,27.8,0,1.5,-90,-5.98343610266015
7.5,2.45,27.8,0,1.5,-88,-5.67823138043579
7.5,2.45,27.8,0,1.5,-86,-5.37157536842702
7.5,2.45,27.8,0,1.5,-84,-5.06374811689138
7.5,2.45,27.8,0,1.5,-82,-4.75505717423829
7.5,2.45,27.8,0,1.5,-80,-4.44583675141675
7.5,2.45,27.8,0,1.5,-78,-4.1364459313737
7.5,2.45,27.8,0,1.5,-76,-3.8272661840542
7.5,2.45,27.8,0,1.5,-74,-3.51869842362099
7.5,2.45,27.8,0,1.5,-72,-3.21115981541666
7.5,2.45,27.8,0,1.5,-70,-2.90508050767896
7.5,2.45,27.8,0,1.5,-68,-2.60090042913182
7.5,2.45,27.8,0,1.5,-66,-2.29906626013316
7.5,2.45,27.8,0,1.5,-64,-2.00002865360787
7.5,2.45,27.8,0,1.5,-62,-1.7042397537106
7.5,2.45,27.8,0,1.5,-60,-1.41215103582242
7.5,2.45,27.8,0,1.5,-58,-1.12421147146333
7.5,2.45,27.8,0,1.5,-56,-0.840866006014562
7.5,2.45,27.8,0,1.5,-54,-0.562554325519365
7.5,2.45,27.8,0,1.5,-52,-0.289709880790026
7.5,2.45,27.8,0,1.5,-50,-0.0227591320036862
7.5,2.45,27.8,0,1.5,-48,0.237879025704597
7.5,2.45,27.8,0,1.5,-46,0.491793696029056
7.5,2.45,27.8,0,1.5,-44,0.738582314632743
7.5,2.45,27.8,0,1.5,-42,0.977850920294157
7.5,2.45,27.8,0,1.5,-40,1.20921440073777
7.5,2.45,27.8,0,1.5,-38,1.43229674732393
7.5,2.45,27.8,0,1.5,-36,1.64673134978963
7.5,2.45,27.8,0,1.5,-34,1.85216135874735
7.5,2.45,27.8,0,1.5,-32,2.04824013961701
7.5,2.45,27.8,0,1.5,-30,2.23463183705109
7.5,2.45,27.8,0,1.5,-28,2.41101206371036
7.5,2.45,27.8,0,1.5,-26,2.57706872151241
7.5,2.45,27.8,0,1.5,-24,2.73250295732158
7.5,2.45,27.8,0,1.5,-22,2.87703024865559
7.5,2.45,27.8,0,1.5,-20,3.01038160857815
7.5,2.45,27.8,0,1.5,-18,3.13230489278845
7.5,2.45,27.8,0,1.5,-16,3.24256618627785
7.5,2.45,27.8,0,1.5,-14,3.34095124205679
7.5,2.45,27.8,0,1.5,-12,3.42726694058316
7.5,2.45,27.8,0,1.5,-10,3.50134273581523
7.5,2.45,27.8,0,1.5,-8,3.56303205237306
7.5,2.45,27.8,0,1.5,-6,3.61221359815657
7.5,2.45,27.8,0,1.5,-4,3.64879255790507
7.5,2.45,27.8,0,1.5,-2,3.67270163549752
7.5,2.45,27.8,0,1.5,0,3.68390191614283
7.5,2.45,27.8,0,1.5,2,3.68238352381664
7.5,2.45,27.8,0,1.5,4,3.6681660541655
7.5,2.45,27.8,0,1.5,6,3.64129876841861
7.5,2.45,27.8,0,1.5,8,3.60186053942274
7.5,2.45,27.8,0,1.5,10,3.54995954657061
7.5,2.45,27.8,0,1.5,12,3.48573272197318
7.5,2.45,27.8,0,1.5,14,3.40934495560957
7.5,2.45,27.8,0,1.5,16,3.32098807227976
7.5,2.45,27.8,0,1.5,18,3.2208795979197
7.5,2.45,27.8,0,1.5,20,3.10926133716971
7.5,2.45,27.8,0,1.5,22,2.98639778798446
7.5,2.45,27.8,0,1.5,24,2.85257442251041
7.5,2.45,27.8,0,1.5,26,2.70809586640561
7.5,2.45,27.8,0,1.5,28,2.5532840111971
7.5,2.45,27.8,0,1.5,30,2.38847609610685
7.5,2.45,27.8,0,1.5,32,2.21402279695296
7.5,2.45,27.8,0,1.5,34,2.03028636015667
7.5,2.45,27.8,0,1.5,36,1.83763881945243
7.5,2.45,27.8,0,1.5,38,1.6364603315018
7.5,2.45,27.8,0,1.5,40,1.42713766415565
7.5,2.45,27.8,0,1.5,42,1.2100628675232
7.5,2.45,27.8,0,1.5,44,0.9856321532638
7.5,2.45,27.8,0,1.5,46,0.754245001646477
7.5,2.45,27.8,0,1.5,48,0.516303509023284
7.5,2.45,27.8,0,1.5,50,0.272211980608695
7.5,2.45,27.8,0,1.5,52,0.0223767651002502
7.5,2.45,27.8,0,1.5,54,-0.232793680965358
7.5,2.45,27.8,0,1.5,56,-0.492888519776439
7.5,2.45,27.8,0,1.5,58,-0.757494078437976
7.5,2.45,27.8,0,1.5,60,-1.02619325063749
7.5,2.45,27.8,0,1.5,62,-1.29856479547038
7.5,2.45,27.8,0,1.5,64,-1.57418257931717
7.5,2.45,27.8,0,1.5,66,-1.85261480899885
7.5,2.45,27.8,0,1.5,68,-2.13342330477275
7.5,2.45,27.8,0,1.5,70,-2.41616286008381
7.5,2.45,27.8,0,1.5,72,-2.70038073151881
7.5,2.45,27.8,0,1.5,74,-2.98561629743794
7.5,2.45,27.8,0,1.5,76,-3.27140091772854
7.5,2.45,27.8,0,1.5,78,-3.55725802059202
7.5,2.45,27.8,0,1.5,80,-3.84270343584831
7.5,2.45,27.8,0,1.5,82,-4.12724598852297
7.5,2.45,27.8,0,1.5,84,-4.41038836199236
7.5,2.45,27.8,0,1.5,86,-4.69162823705382
7.5,2.45,27.8,0,1.5,88,-4.97045971207068
7.5,2.45,27.8,0,1.5,90,-5.24637500961227
7.5,2.45,27.8,0,1.5,92,-5.51886647621473
7.5,2.45,27.8,0,1.5,94,-5.787428883131
7.5,2.45,27.8,0,1.5,96,-6.05156203602952
7.5,2.45,27.8,0,1.5,98,-6.31077369918114
7.5,2.45,27.8,0,1.5,100,-6.56458283338367
7.5,2.45,27.8,0,1.5,102,-6.81252313558615
7.5,2.45,27.8,0,1.5,104,-7.0541468512356
7.5,2.45,27.8,0,1.5,106,-7.28902880785167
7.5,2.45,27.8,0,1.5,108,-7.51677059122533
7.5,2.45,27.8,0,1.5,110,-7.73700475595169
7.5,2.45,27.8,0,1.5,112,-7.9493989327553
7.5,2.45,27.8,0,1.5,114,-8.15365967008019
7.5,2.45,27.8,0,1.5,116,-8.34953583100428
7.5,2.45,27.8,0,1.5,118,-8.53682136299868
7.5,2.45,27.8,0,1.5,120,-8.71535727110413
7.5,2.45,27.8,0,1.5,122,-8.88503265727245
7.5,2.45,27.8,0,1.5,124,-9.04578474071983
7.5,2.45,27.8,0,1.5,126,-9.19759784482071
7.5,2.45,27.8,0,1.5,128,-9.34050142162557
7.5,2.45,27.8,0,1.5,130,-9.47456727944749
7.5,2.45,27.8,0,1.5,132,-9.59990627394211
7.5,2.45,27.8,0,1.5,134,-9.71666480885526
7.5,2.45,27.8,0,1.5,136,-9.82502155828292
7.5,2.45,27.8,0,1.5,138,-9.92518485688889
7.5,2.45,27.8,0,1.5,140,-10.0173911979796
7.5,2.45,27.8,0,1.5,142,-10.1019052237425
7.5,2.45,27.8,0,1.5,144,-10.1790214830426
7.5,2.45,27.8,0,1.5,146,-10.2490680708328
7.5,2.45,27.8,0,1.5,148,-10.3124120569106
7.5,2.45,27.8,0,1.5,150,-10.3694663753573
7.5,2.45,27.8,0,1.5,152,-10.4206976017953
7.5,2.45,27.8,0,1.5,154,-10.4666338217602
7.5,2.45,27.8,0,1.5,156,-10.5078716208569
7.5,2.45,27.8,0,1.5,158,-10.545081134805
7.5,2.45,27.8,0,1.5,160,-10.5790081063028
7.5,2.45,27.8,0,1.5,162,-10.6104720144399
7.5,2.45,27.8,0,1.5,164,-10.6403595637193
7.5,2.45,27.8,0,1.5,166,-10.6696131197866
7.5,2.45,27.8,0,1.5,168,-10.6992140208206
7.5,2.45,27.8,0,1.5,170,-10.7301610337736
7.5,2.45,27.8,0,1.5,172,-10.763444521428
7.5,2.45,27.8,0,1.5,174,-10.8000171073621
7.5,2.45,27.8,0,1.5,176,-10.8407617547025
7.5,2.45,27.8,0,1.5,178,-10.886458212368
7.5,2.45,27.8,0,1.5,180,-10.9377487479249
