"lP [mm]","Freq [GHz]","dB(S(1,1)) []"
27.5,1.85,-0.178585833679528
27.5,1.853,-0.179901038646704
27.5,1.856,-0.181232284021221
27.5,1.859,-0.182579826752348
27.5,1.862,-0.183943930569647
27.5,1.865,-0.185324866166166
27.5,1.868,-0.186722911387841
27.5,1.871,-0.188138351429395
27.5,1.874,-0.189571479036921
27.5,1.877,-0.191022594717485
27.5,1.88,-0.192492006955922
27.5,1.883,-0.193980032439199
27.5,1.886,-0.195486996288574
27.5,1.889,-0.197013232299878
27.5,1.892,-0.198559083192256
27.5,1.895,-0.200124900865664
27.5,1.898,-0.201711046667497
27.5,1.901,-0.203317891668719
27.5,1.904,-0.204945816949839
27.5,1.907,-0.206595213897179
27.5,1.91,-0.208266484509787
27.5,1.913,-0.209960041717515
27.5,1.916,-0.211676309710621
27.5,1.919,-0.213415724281456
27.5,1.922,-0.215178733178671
27.5,1.925,-0.216965796474485
27.5,1.928,-0.218777386945601
27.5,1.931,-0.22061399046825
27.5,1.934,-0.222476106428059
27.5,1.937,-0.224364248145295
27.5,1.94,-0.226278943316182
27.5,1.943,-0.228220734470965
27.5,1.946,-0.230190179449445
27.5,1.949,-0.23218785189474
27.5,1.952,-0.234214341766046
27.5,1.955,-0.236270255871274
27.5,1.958,-0.238356218420398
27.5,1.961,-0.240472871600412
27.5,1.964,-0.24262087617294
27.5,1.967,-0.244800912095397
27.5,1.97,-0.247013679166845
27.5,1.973,-0.249259897699624
27.5,1.976,-0.251540309217929
27.5,1.979,-0.253855677184553
27.5,1.982,-0.256206787757128
27.5,1.985,-0.258594450575176
27.5,1.988,-0.261019499579416
27.5,1.991,-0.263482793864846
27.5,1.994,-0.265985218569172
27.5,1.997,-0.268527685798239
27.5,2,-0.271111135590256
27.5,2.003,-0.273736536920595
27.5,2.006,-0.276404888749212
27.5,2.009,-0.279117221112634
27.5,2.012,-0.281874596262762
27.5,2.015,-0.284678109854738
27.5,2.018,-0.287528892186246
27.5,2.021,-0.290428109490892
27.5,2.024,-0.293376965288203
27.5,2.027,-0.296376701793213
27.5,2.03,-0.299428601388516
27.5,2.033,-0.30253398816201
27.5,2.036,-0.305694229513662
27.5,2.039,-0.308910737834764
27.5,2.042,-0.312184972263504
27.5,2.045,-0.315518440520711
27.5,2.048,-0.318912700829996
27.5,2.051,-0.32236936392671
27.5,2.054,-0.325890095160357
27.5,2.057,-0.329476616695463
27.5,2.06,-0.333130709816116
27.5,2.063,-0.336854217339774
27.5,2.066,-0.340649046146191
27.5,2.069,-0.344517169827786
27.5,2.072,-0.348460631468014
27.5,2.075,-0.352481546554851
27.5,2.078,-0.356582106036834
27.5,2.081,-0.360764579529609
27.5,2.084,-0.365031318681433
27.5,2.087,-0.369384760706586
27.5,2.09,-0.373827432096252
27.5,2.093,-0.378361952517005
27.5,2.096,-0.382991038907681
27.5,2.099,-0.387717509786159
27.5,2.102,-0.392544289778268
27.5,2.105,-0.397474414381846
27.5,2.108,-0.402511034979891
27.5,2.111,-0.407657424117556
27.5,2.114,-0.41291698105886
27.5,2.117,-0.418293237639892
27.5,2.12,-0.423789864436603
27.5,2.123,-0.429410677266311
27.5,2.126,-0.435159644043534
27.5,2.129,-0.44104089201205
27.5,2.132,-0.447058715376671
27.5,2.135,-0.453217583359866
27.5,2.138,-0.459522148710061
27.5,2.141,-0.465977256690401
27.5,2.144,-0.472587954578861
27.5,2.147,-0.479359501712614
27.5,2.15,-0.486297380112225
27.5,2.153,-0.493407305723533
27.5,2.156,-0.500695240318072
27.5,2.159,-0.508167404095812
27.5,2.162,-0.515830289037197
27.5,2.165,-0.5236906730551
27.5,2.168,-0.531755635000996
27.5,2.171,-0.540032570583852
27.5,2.174,-0.548529209264661
27.5,2.177,-0.557253632194416
27.5,2.18,-0.566214291268565
27.5,2.183,-0.575420029376633
27.5,2.186,-0.58488010193197
27.5,2.189,-0.594604199773265
27.5,2.192,-0.604602473536727
27.5,2.195,-0.6148855596059
27.5,2.198,-0.625464607754552
27.5,2.201,-0.63635131060772
27.5,2.204,-0.647557935056002
27.5,2.207,-0.659097355769597
27.5,2.21,-0.670983090970654
27.5,2.213,-0.683229340635813
27.5,2.216,-0.6958510273155
27.5,2.219,-0.708863839772187
27.5,2.222,-0.722284279657469
27.5,2.225,-0.736129711466614
27.5,2.228,-0.750418416030127
27.5,2.231,-0.765169647824739
27.5,2.234,-0.780403696411083
27.5,2.237,-0.796141952332845
27.5,2.24,-0.812406977842214
27.5,2.243,-0.829222582849502
27.5,2.246,-0.846613906531204
27.5,2.249,-0.864607505070595
27.5,2.252,-0.883231446049034
27.5,2.255,-0.902515410054561
27.5,2.258,-0.922490800127733
27.5,2.261,-0.943190859723557
27.5,2.264,-0.964650799933363
27.5,2.267,-0.986907936782333
27.5,2.27,-1.01000183949775
27.5,2.273,-1.0339744907309
27.5,2.276,-1.05887045981305
27.5,2.279,-1.08473709023341
27.5,2.282,-1.11162470264727
27.5,2.285,-1.13958681485488
27.5,2.288,-1.16868038033979
27.5,2.291,-1.19896604711977
27.5,2.294,-1.23050843884666
27.5,2.297,-1.2633764602959
27.5,2.3,-1.29764362961504
27.5,2.303,-1.33338843995547
27.5,2.306,-1.37069475339814
27.5,2.309,-1.40965223040446
27.5,2.312,-1.45035679838411
27.5,2.315,-1.49291116337767
27.5,2.318,-1.53742536930892
27.5,2.321,-1.58401740977974
27.5,2.324,-1.632813897966
27.5,2.327,-1.68395080083878
27.5,2.33,-1.73757424469324
27.5,2.333,-1.79384139983364
27.5,2.336,-1.85292145325566
27.5,2.339,-1.91499667930918
27.5,2.342,-1.98026361964346
27.5,2.345,-2.04893438526622
27.5,2.348,-2.12123809533023
27.5,2.351,-2.19742246934754
27.5,2.354,-2.27775559198812
27.5,2.357,-2.36252787252686
27.5,2.36,-2.45205422446594
27.5,2.363,-2.54667649500897
27.5,2.366,-2.64676617906859
27.5,2.369,-2.75272745856865
27.5,2.372,-2.86500061523701
27.5,2.375,-2.98406587424522
27.5,2.378,-3.11044774741839
27.5,2.381,-3.24471995895311
27.5,2.384,-3.38751105448832
27.5,2.387,-3.53951081711057
27.5,2.39,-3.7014776429663
27.5,2.393,-3.87424706667391
27.5,2.396,-4.05874167551066
27.5,2.399,-4.25598271530513
27.5,2.402,-4.46710377553935
27.5,2.405,-4.69336705401605
27.5,2.408,-4.93618285347296
27.5,2.411,-5.19713316942117
27.5,2.414,-5.47800051316008
27.5,2.417,-5.78080351031615
27.5,2.42,-6.1078413744727
27.5,2.423,-6.46175015582709
27.5,2.426,-6.84557482873578
27.5,2.429,-7.26286300489943
27.5,2.432,-7.71778866019469
27.5,2.435,-8.21531827849974
27.5,2.438,-8.76143817007552
27.5,2.441,-9.36347206354875
27.5,2.444,-10.0305354451376
27.5,2.447,-10.7742033883239
27.5,2.45,-11.6095235994109
27.5,2.453,-12.5566112324128
27.5,2.456,-13.6432735754242
27.5,2.459,-14.9095693878145
27.5,2.462,-16.4162763154854
27.5,2.465,-18.261993748562
27.5,2.468,-20.6215318619637
27.5,2.471,-23.8430198418337
27.5,2.474,-28.6814187361156
27.5,2.477,-34.2086121565402
27.5,2.48,-29.1608474583128
27.5,2.483,-24.1486986394309
27.5,2.486,-20.8342536732886
27.5,2.489,-18.4222203138898
27.5,2.492,-16.5431441325319
27.5,2.495,-15.0133503217802
27.5,2.498,-13.7300802727736
27.5,2.501,-12.6303785657856
27.5,2.504,-11.6729443759947
27.5,2.507,-10.8292131025447
27.5,2.51,-10.0785825083488
27.5,2.513,-9.40567753731872
27.5,2.516,-8.79869478719729
27.5,2.519,-8.24835428928637
27.5,2.522,-7.74721038359873
27.5,2.525,-7.28918400397588
27.5,2.528,-6.86923641975087
27.5,2.531,-6.48313615191215
27.5,2.534,-6.12728890562073
27.5,2.537,-5.79861111986496
27.5,2.54,-5.49443433045708
27.5,2.543,-5.21243170187332
27.5,2.546,-4.95056077312861
27.5,2.549,-4.70701824151507
27.5,2.552,-4.48020380791856
27.5,2.555,-4.26869093147059
27.5,2.558,-4.07120291638701
27.5,2.561,-3.88659316104823
27.5,2.564,-3.71382869151577
27.5,2.567,-3.55197631378899
27.5,2.57,-3.40019087481192
27.5,2.573,-3.2577052377074
27.5,2.576,-3.12382166316567
27.5,2.579,-2.99790435422006
27.5,2.582,-2.87937297140304
27.5,2.585,-2.76769696350701
27.5,2.588,-2.66239058878337
27.5,2.591,-2.56300852452963
27.5,2.594,-2.46914198120037
27.5,2.597,-2.38041525159648
27.5,2.6,-2.29648263720765
27.5,2.603,-2.21702570305485
27.5,2.606,-2.14175081990008
27.5,2.609,-2.0703869588337
27.5,2.612,-2.00268370830333
27.5,2.615,-1.93840948783611
27.5,2.618,-1.87734993619775
27.5,2.621,-1.81930645466341
27.5,2.624,-1.76409488855024
27.5,2.627,-1.71154433226443
27.5,2.63,-1.66149604491039
27.5,2.633,-1.61380246505106
27.5,2.636,-1.56832631453651
27.5,2.639,-1.52493978246911
27.5,2.642,-1.4835237813737
27.5,2.645,-1.44396726851448
27.5,2.648,-1.40616662606474
27.5,2.651,-1.37002509450676
27.5,2.654,-1.33545225423108
27.5,2.657,-1.30236355082581
27.5,2.66,-1.27067986000938
27.5,2.663,-1.24032708856968
27.5,2.666,-1.21123580803684
27.5,2.669,-1.18334091814148
27.5,2.672,-1.15658133739903
27.5,2.675,-1.13089971841953
27.5,2.678,-1.10624218577283
27.5,2.681,-1.08255809444655
27.5,2.684,-1.05979980711935
27.5,2.687,-1.03792248863877
27.5,2.69,-1.01688391624258
27.5,2.693,-0.996644304197481
27.5,2.696,-0.977166141649865
27.5,2.699,-0.958414042593214
27.5,2.702,-0.94035460695507
27.5,2.705,-0.922956291895591
27.5,2.708,-0.90618929249051
27.5,2.711,-0.890025431043783
27.5,2.714,-0.874438054341527
27.5,2.717,-0.85940193821829
27.5,2.72,-0.844893198861049
27.5,2.723,-0.830889210325367
27.5,2.726,-0.817368527782875
27.5,2.729,-0.804310816059578
27.5,2.732,-0.791696783061653
27.5,2.735,-0.77950811771862
27.5,2.738,-0.767727432104567
27.5,2.741,-0.756338207425723
27.5,2.744,-0.745324743588217
27.5,2.747,-0.734672112082851
27.5,2.75,-0.724366111944886
27.5,2.753,-0.714393228566194
27.5,2.756,-0.704740595154631
27.5,2.759,-0.695395956651712
27.5,2.762,-0.686347635934385
27.5,2.765,-0.677584502140221
27.5,2.768,-0.669095940967683
27.5,2.771,-0.660871826814503
27.5,2.774,-0.65290249662767
27.5,2.777,-0.645178725347926
27.5,2.78,-0.63769170284059
27.5,2.783,-0.63043301221254
27.5,2.786,-0.623394609422508
27.5,2.789,-0.616568804098853
27.5,2.792,-0.609948241485014
27.5,2.795,-0.603525885438798
27.5,2.798,-0.597295002416928
27.5,2.801,-0.591249146381142
27.5,2.804,-0.585382144566705
27.5,2.807,-0.579688084058365
27.5,2.81,-0.574161299122642
27.5,2.813,-0.56879635924887
27.5,2.816,-0.563588057854732
27.5,2.819,-0.55853140161512
27.5,2.822,-0.553621600375826
27.5,2.825,-0.548854057616374
27.5,2.828,-0.544224361428525
27.5,2.831,-0.539728275979382
27.5,2.834,-0.535361733429987
27.5,2.837,-0.531120826282265
27.5,2.84,-0.527001800129033
27.5,2.843,-0.523001046783268
27.5,2.846,-0.519115097764531
27.5,2.849,-0.515340618121841
27.5,2.852,-0.511674400573558
27.5,2.855,-0.508113359946132
27.5,2.858,-0.504654527894688
27.5,2.861,-0.501295047889565
27.5,2.864,-0.498032170453785
27.5,2.867,-0.494863248637509
27.5,2.87,-0.491785733716315
27.5,2.873,-0.488797171100917
27.5,2.876,-0.485895196446844
27.5,2.879,-0.483077531953066
27.5,2.882,-0.480341982839487
27.5,2.885,-0.477686433993552
27.5,2.888,-0.475108846777089
27.5,2.891,-0.47260725598472
27.5,2.894,-0.470179766945999
27.5,2.897,-0.467824552763633
27.5,2.9,-0.465539851680754
27.5,2.903,-0.463323964570567
27.5,2.906,-0.461175252542037
27.5,2.909,-0.459092134655726
27.5,2.912,-0.457073085744165
27.5,2.915,-0.455116634331506
27.5,2.918,-0.453221360647405
27.5,2.921,-0.451385894730561
27.5,2.924,-0.449608914617346
27.5,2.927,-0.447889144611377
27.5,2.93,-0.446225353630137
27.5,2.933,-0.444616353624784
27.5,2.936,-0.44306099806969
27.5,2.939,-0.441558180518355
27.5,2.942,-0.440106833222466
27.5,2.945,-0.438705925811217
27.5,2.948,-0.437354464027938
27.5,2.951,-0.436051488521403
27.5,2.954,-0.434796073689306
27.5,2.957,-0.433587326571417
27.5,2.96,-0.432424385790189
27.5,2.963,-0.431306420536645
27.5,2.966,-0.430232629599481
27.5,2.969,-0.429202240435427
27.5,2.972,-0.428214508279081
27.5,2.975,-0.427268715290334
27.5,2.978,-0.426364169737925
27.5,2.981,-0.42550020521731
27.5,2.984,-0.424676179901555
27.5,2.987,-0.42389147582368
27.5,2.99,-0.423145498189218
27.5,2.993,-0.422437674717575
27.5,2.996,-0.421767455011103
27.5,2.999,-0.421134309950631
27.5,3.002,-0.42053773111639
27.5,3.005,-0.419977230233265
27.5,3.008,-0.419452338639377
27.5,3.011,-0.418962606777068
27.5,3.014,-0.418507603705345
27.5,3.017,-0.418086916632947
27.5,3.02,-0.417700150471211
27.5,3.023,-0.417346927405957
27.5,3.026,-0.417026886487642
27.5,3.029,-0.416739683239065
27.5,3.032,-0.416484989279991
27.5,3.035,-0.416262491968001
27.5,3.038,-0.416071894054982
27.5,3.041,-0.415912913358664
27.5,3.044,-0.415785282448659
27.5,3.047,-0.415688748346447
27.5,3.05,-0.41562307223885
27.6,1.85,-0.185529305679769
27.6,1.853,-0.186901752487554
27.6,1.856,-0.188290756863669
27.6,1.859,-0.189696590447495
27.6,1.862,-0.191119532114644
27.6,1.865,-0.192559868175718
27.6,1.868,-0.194017892581923
27.6,1.871,-0.195493907137789
27.6,1.874,-0.196988221721267
27.6,1.877,-0.198501154511485
27.6,1.88,-0.200033032224487
27.6,1.883,-0.201584190357245
27.6,1.886,-0.203154973440264
27.6,1.889,-0.204745735299169
27.6,1.892,-0.20635683932556
27.6,1.895,-0.20798865875757
27.6,1.898,-0.209641576970493
27.6,1.901,-0.211315987777857
27.6,1.904,-0.21301229574344
27.6,1.907,-0.214730916504605
27.6,1.91,-0.216472277107451
27.6,1.913,-0.218236816354286
27.6,1.916,-0.220024985163884
27.6,1.919,-0.221837246945106
27.6,1.922,-0.223674077984427
27.6,1.925,-0.225535967847937
27.6,1.928,-0.227423419798477
27.6,1.931,-0.229336951228498
27.6,1.934,-0.23127709410935
27.6,1.937,-0.233244395457715
27.6,1.94,-0.235239417819884
27.6,1.943,-0.23726273977471
27.6,1.946,-0.239314956455999
27.6,1.949,-0.241396680095229
27.6,1.952,-0.243508540585491
27.6,1.955,-0.245651186067565
27.6,1.958,-0.247825283539174
27.6,1.961,-0.250031519488379
27.6,1.964,-0.252270600552294
27.6,1.967,-0.254543254202202
27.6,1.97,-0.256850229456295
27.6,1.973,-0.259192297621312
27.6,1.976,-0.261570253064421
27.6,1.979,-0.263984914016707
27.6,1.982,-0.266437123409782
27.6,1.985,-0.268927749747036
27.6,1.988,-0.271457688011192
27.6,1.991,-0.27402786060987
27.6,1.994,-0.276639218360972
27.6,1.997,-0.2792927415198
27.6,2,-0.281989440849923
27.6,2.003,-0.284730358739913
27.6,2.006,-0.287516570368193
27.6,2.009,-0.290349184918331
27.6,2.012,-0.293229346847318
27.6,2.015,-0.296158237209418
27.6,2.018,-0.299137075038379
27.6,2.021,-0.302167118790934
27.6,2.024,-0.305249667854709
27.6,2.027,-0.308386064123757
27.6,2.03,-0.311577693645257
27.6,2.033,-0.314825988340951
27.6,2.036,-0.318132427807255
27.6,2.039,-0.321498541198088
27.6,2.042,-0.324925909194801
27.6,2.045,-0.328416166067758
27.6,2.048,-0.331971001834413
27.6,2.051,-0.335592164519111
27.6,2.054,-0.339281462519966
27.6,2.057,-0.343040767088685
27.6,2.06,-0.346872014929415
27.6,2.063,-0.350777210923191
27.6,2.066,-0.354758430984801
27.6,2.069,-0.358817825059522
27.6,2.072,-0.362957620267404
27.6,2.075,-0.367180124203468
27.6,2.078,-0.371487728402567
27.6,2.081,-0.37588291197832
27.6,2.084,-0.380368245446011
27.6,2.087,-0.38494639474009
27.6,2.09,-0.389620125437552
27.6,2.093,-0.394392307199189
27.6,2.096,-0.399265918441495
27.6,2.099,-0.404244051252919
27.6,2.102,-0.409329916568948
27.6,2.105,-0.414526849621527
27.6,2.108,-0.419838315679439
27.6,2.111,-0.425267916097231
27.6,2.114,-0.430819394691591
27.6,2.117,-0.436496644465366
27.6,2.12,-0.442303714700697
27.6,2.123,-0.448244818444422
27.6,2.126,-0.454324340410304
27.6,2.129,-0.460546845324554
27.6,2.132,-0.466917086742866
27.6,2.135,-0.473440016369241
27.6,2.138,-0.480120793909112
27.6,2.141,-0.486964797491438
27.6,2.144,-0.493977634697278
27.6,2.147,-0.501165154234712
27.6,2.15,-0.508533458303321
27.6,2.153,-0.516088915694301
27.6,2.156,-0.523838175675998
27.6,2.159,-0.531788182718235
27.6,2.162,-0.539946192112948
27.6,2.165,-0.548319786553008
27.6,2.168,-0.556916893735905
27.6,2.171,-0.565745805064083
27.6,2.174,-0.574815195519388
27.6,2.177,-0.584134144795179
27.6,2.18,-0.593712159776269
27.6,2.183,-0.603559198463987
27.6,2.186,-0.613685695451703
27.6,2.189,-0.624102589064412
27.6,2.192,-0.634821350285472
27.6,2.195,-0.645854013603607
27.6,2.198,-0.657213209924399
27.6,2.201,-0.668912201702406
27.6,2.204,-0.680964920463385
27.6,2.207,-0.693386006900237
27.6,2.21,-0.706190853742182
27.6,2.213,-0.719395651613684
27.6,2.216,-0.733017438118582
27.6,2.219,-0.747074150405274
27.6,2.222,-0.761584681491534
27.6,2.225,-0.77656894065211
27.6,2.228,-0.792047918199457
27.6,2.231,-0.808043755017692
27.6,2.234,-0.824579817242626
27.6,2.237,-0.841680776516618
27.6,2.24,-0.859372696286618
27.6,2.243,-0.877683124657373
27.6,2.246,-0.896641194359663
27.6,2.249,-0.916277730446489
27.6,2.252,-0.936625366388419
27.6,2.255,-0.957718669303908
27.6,2.258,-0.979594275131549
27.6,2.261,-1.00229103463015
27.6,2.264,-1.02585017117972
27.6,2.267,-1.05031545145314
27.6,2.27,-1.0757333701355
27.6,2.273,-1.10215334998695
27.6,2.276,-1.1296279586773
27.6,2.279,-1.15821314396732
27.6,2.282,-1.18796848897542
27.6,2.285,-1.21895748945085
27.6,2.288,-1.25124785517764
27.6,2.291,-1.28491183786115
27.6,2.294,-1.32002658810305
27.6,2.297,-1.35667454435516
27.6,2.3,-1.39494385706243
27.6,2.303,-1.43492885156352
27.6,2.306,-1.47673053372203
27.6,2.309,-1.52045714271657
27.6,2.312,-1.56622475593257
27.6,2.315,-1.61415795148196
27.6,2.318,-1.66439053453835
27.6,2.321,-1.71706633442904
27.6,2.324,-1.77234008028517
27.6,2.327,-1.83037836403645
27.6,2.33,-1.8913607006692
27.6,2.333,-1.95548069697269
27.6,2.336,-2.0229473415116
27.6,2.339,-2.0939864303235
27.6,2.342,-2.16884214489863
27.6,2.345,-2.2477788014187
27.6,2.348,-2.33108279309096
27.6,2.351,-2.41906475081264
27.6,2.354,-2.51206195146683
27.6,2.357,-2.61044100804632
27.6,2.36,-2.71460088173569
27.6,2.363,-2.82497626332592
27.6,2.366,-2.94204138024354
27.6,2.369,-3.06631429650978
27.6,2.372,-3.19836178671815
27.6,2.375,-3.33880488244077
27.6,2.378,-3.48832521143073
27.6,2.381,-3.64767227804025
27.6,2.384,-3.81767186939992
27.6,2.387,-3.99923581880829
27.6,2.39,-4.19337341918873
27.6,2.393,-4.4012048605604
27.6,2.396,-4.62397717351849
27.6,2.399,-4.86308330605132
27.6,2.402,-5.12008515847894
27.6,2.405,-5.39674167248143
27.6,2.408,-5.69504344700166
27.6,2.411,-6.01725588412923
27.6,2.414,-6.36597362498101
27.6,2.417,-6.74419013279124
27.6,2.42,-7.15538789851391
27.6,2.423,-7.60365717672049
27.6,2.426,-8.09385489551538
27.6,2.429,-8.63182126145835
27.6,2.432,-9.22468107937534
27.6,2.435,-9.88127263412241
27.6,2.438,-10.6127742804389
27.6,2.441,-11.433647867526
27.6,2.444,-12.3631100780761
27.6,2.447,-13.4275246537844
27.6,2.45,-14.6644907140204
27.6,2.453,-16.1302632994937
27.6,2.456,-17.9142340858841
27.6,2.459,-20.1696215253978
27.6,2.462,-23.1826262809754
27.6,2.465,-27.4821108514349
27.6,2.468,-32.2711722509105
27.6,2.471,-29.0598055696856
27.6,2.474,-24.2873785160559
27.6,2.477,-20.9588266335383
27.6,2.48,-18.5162263310852
27.6,2.483,-16.6112131403739
27.6,2.486,-15.0610759116591
27.6,2.489,-13.7618837364161
27.6,2.492,-12.649574827275
27.6,2.495,-11.6820298931755
27.6,2.498,-10.8301014002951
27.6,2.501,-10.0727696155932
27.6,2.504,-9.39435503011648
27.6,2.507,-8.78282741578398
27.6,2.51,-8.22873412478235
27.6,2.513,-7.72449532057986
27.6,2.516,-7.26392569861354
27.6,2.519,-6.84190097548441
27.6,2.522,-6.45411973931281
27.6,2.525,-6.09692978170155
27.6,2.528,-5.7671990437669
27.6,2.531,-5.46221806402799
27.6,2.534,-5.17962507758913
27.6,2.537,-4.91734767220101
27.6,2.54,-4.67355672921778
27.6,2.543,-4.44662960660154
27.6,2.546,-4.23512036496461
27.6,2.549,-4.03773542627807
27.6,2.552,-3.85331347144981
27.6,2.555,-3.68080868165507
27.6,2.558,-3.51927664501972
27.6,2.561,-3.36786240923187
27.6,2.564,-3.22579027846695
27.6,2.567,-3.09235504114809
27.6,2.57,-2.96691438159903
27.6,2.573,-2.84888227930811
27.6,2.576,-2.73772323842215
27.6,2.579,-2.63294722020009
27.6,2.582,-2.53410517465254
27.6,2.585,-2.44078508607331
27.6,2.588,-2.35260846181643
27.6,2.591,-2.26922720537361
27.6,2.594,-2.19032082422627
27.6,2.597,-2.1155939305849
27.6,2.6,-2.04477399937157
27.6,2.603,-1.9776093529375
27.6,2.606,-1.91386734626657
27.6,2.609,-1.85333272996712
27.6,2.612,-1.79580617133881
27.6,2.615,-1.74110291632157
27.6,2.618,-1.68905157727616
27.6,2.621,-1.63949303337594
27.6,2.624,-1.59227943196153
27.6,2.627,-1.5472732805654
27.6,2.63,-1.50434662048879
27.6,2.633,-1.46338027383442
27.6,2.636,-1.42426315679117
27.6,2.639,-1.38689165274763
27.6,2.642,-1.35116903949767
27.6,2.645,-1.31700496540616
27.6,2.648,-1.28431496993612
27.6,2.651,-1.25302004441166
27.6,2.654,-1.22304622930963
27.6,2.657,-1.19432424474571
27.6,2.66,-1.16678915115175
27.6,2.663,-1.14038003743716
27.6,2.666,-1.11503973419066
27.6,2.669,-1.09071454971509
27.6,2.672,-1.06735402689907
27.6,2.675,-1.04491071911874
27.6,2.678,-1.02333998353307
27.6,2.681,-1.0025997902887
27.6,2.684,-0.982650546287702
27.6,2.687,-0.963454932295667
27.6,2.69,-0.944977752278462
27.6,2.693,-0.927185793956954
27.6,2.696,-0.910047699659467
27.6,2.699,-0.893533846633848
27.6,2.702,-0.877616236055131
27.6,2.705,-0.862268390031765
27.6,2.708,-0.847465255974213
27.6,2.711,-0.833183117744751
27.6,2.714,-0.819399513057121
27.6,2.717,-0.806093156640184
27.6,2.72,-0.793243868720657
27.6,2.723,-0.780832508417578
27.6,2.726,-0.768840911675064
27.6,2.729,-0.757251833390916
27.6,2.732,-0.746048893426796
27.6,2.735,-0.735216526211394
27.6,2.738,-0.724739933671449
27.6,2.741,-0.714605041246791
27.6,2.744,-0.704798456765186
27.6,2.747,-0.695307431970497
27.6,2.75,-0.686119826514045
27.6,2.753,-0.677224074233881
27.6,2.756,-0.668609151560476
27.6,2.759,-0.660264547899562
27.6,2.762,-0.652180237854676
27.6,2.765,-0.644346655162079
27.6,2.768,-0.636754668220676
27.6,2.771,-0.629395557108157
27.6,2.774,-0.622260991982872
27.6,2.777,-0.615343012778365
27.6,2.78,-0.608634010104278
27.6,2.783,-0.602126707273804
27.6,2.786,-0.595814143383525
27.6,2.789,-0.58968965737696
27.6,2.792,-0.583746873027989
27.6,2.795,-0.577979684784897
27.6,2.798,-0.572382244420013
27.6,2.801,-0.566948948433753
27.6,2.804,-0.561674426165474
27.6,2.807,-0.556553528566808
27.6,2.81,-0.551581317596348
27.6,2.813,-0.546753056197142
27.6,2.816,-0.542064198821307
27.6,2.819,-0.537510382468368
27.6,2.822,-0.533087418206174
27.6,2.825,-0.528791283145396
27.6,2.828,-0.524618112840433
27.6,2.831,-0.520564194091486
27.6,2.834,-0.516625958124038
27.6,2.837,-0.512799974123698
27.6,2.84,-0.509082943105687
27.6,2.843,-0.50547169209961
27.6,2.846,-0.501963168631386
27.6,2.849,-0.498554435485393
27.6,2.852,-0.495242665730921
27.6,2.855,-0.492025137998007
27.6,2.858,-0.488899231988753
27.6,2.861,-0.485862424210933
27.6,2.864,-0.482912283921687
27.6,2.867,-0.480046469269673
27.6,2.87,-0.477262723624934
27.6,2.873,-0.474558872086214
27.6,2.876,-0.471932818156201
27.6,2.879,-0.469382540575681
27.6,2.882,-0.466906090308167
27.6,2.885,-0.464501587667009
27.6,2.888,-0.462167219577529
27.6,2.891,-0.45990123696708
27.6,2.894,-0.457701952276438
27.6,2.897,-0.455567737086228
27.6,2.9,-0.453497019852504
27.6,2.903,-0.45148828374589
27.6,2.906,-0.449540064589085
27.6,2.909,-0.447650948887736
27.6,2.912,-0.445819571950029
27.6,2.915,-0.44404461609057
27.6,2.918,-0.442324808914409
27.6,2.921,-0.440658921677253
27.6,2.924,-0.439045767718177
27.6,2.927,-0.437484200961267
27.6,2.93,-0.435973114482916
27.6,2.933,-0.434511439141609
27.6,2.936,-0.433098142267217
27.6,2.939,-0.431732226407003
27.6,2.942,-0.430412728125635
27.6,2.945,-0.429138716856724
27.6,2.948,-0.42790929380347
27.6,2.951,-0.426723590886161
27.6,2.954,-0.425580769734339
27.6,2.957,-0.424480020721674
27.6,2.96,-0.423420562041526
27.6,2.963,-0.422401638821437
27.6,2.966,-0.421422522274731
27.6,2.969,-0.420482508887693
27.6,2.972,-0.419580919640617
27.6,2.975,-0.418717099261361
27.6,2.978,-0.417890415509902
27.6,2.981,-0.417100258492622
27.6,2.984,-0.416346040004998
27.6,2.987,-0.415627192901506
27.6,2.99,-0.414943170491582
27.6,2.993,-0.414293445960557
27.6,2.996,-0.413677511814492
27.6,2.999,-0.413094879347965
27.6,3.002,-0.412545078133822
27.6,3.005,-0.41202765553403
27.6,3.008,-0.411542176230763
27.6,3.011,-0.411088221776889
27.6,3.014,-0.410665390165129
27.6,3.017,-0.41027329541512
27.6,3.02,-0.409911567177652
27.6,3.023,-0.409579850355477
27.6,3.026,-0.409277804739993
27.6,3.029,-0.409005104663234
27.6,3.032,-0.408761438664552
27.6,3.035,-0.40854650917146
27.6,3.038,-0.408360032194128
27.6,3.041,-0.408201737032964
27.6,3.044,-0.408071365998896
27.6,3.047,-0.407968674145801
27.6,3.05,-0.407893429014722
27.7,1.85,-0.180498585599614
27.7,1.853,-0.181853006700713
27.7,1.856,-0.183224133497046
27.7,1.859,-0.184612267593104
27.7,1.862,-0.186017717764662
27.7,1.865,-0.187440800175585
27.7,1.868,-0.188881838601951
27.7,1.871,-0.190341164663822
27.7,1.874,-0.191819118064935
27.7,1.877,-0.193316046840618
27.7,1.88,-0.194832307614297
27.7,1.883,-0.196368265862901
27.7,1.886,-0.197924296191526
27.7,1.889,-0.199500782617765
27.7,1.892,-0.201098118866046
27.7,1.895,-0.202716708672422
27.7,1.898,-0.204356966100238
27.7,1.901,-0.206019315867084
27.7,1.904,-0.207704193683569
27.7,1.907,-0.209412046604327
27.7,1.91,-0.211143333391839
27.7,1.913,-0.212898524893551
27.7,1.916,-0.214678104432885
27.7,1.919,-0.216482568214715
27.7,1.922,-0.218312425745927
27.7,1.925,-0.220168200271701
27.7,1.928,-0.22205042922821
27.7,1.931,-0.22395966471242
27.7,1.934,-0.225896473969767
27.7,1.937,-0.227861439900437
27.7,1.94,-0.229855161585138
27.7,1.943,-0.231878254831166
27.7,1.946,-0.233931352739665
27.7,1.949,-0.236015106295094
27.7,1.952,-0.238130184977796
27.7,1.955,-0.240277277400794
27.7,1.958,-0.242457091971854
27.7,1.961,-0.24467035758201
27.7,1.964,-0.246917824321734
27.7,1.967,-0.249200264226005
27.7,1.97,-0.251518472049687
27.7,1.973,-0.253873266074547
27.7,1.976,-0.256265488949413
27.7,1.979,-0.25869600856509
27.7,1.982,-0.261165718965576
27.7,1.985,-0.263675541297396
27.7,1.988,-0.266226424798833
27.7,1.991,-0.268819347830965
27.7,1.994,-0.271455318952574
27.7,1.997,-0.274135378041024
27.7,2,-0.276860597461354
27.7,2.003,-0.279632083285994
27.7,2.006,-0.282450976567594
27.7,2.009,-0.285318454667561
27.7,2.012,-0.2882357326432
27.7,2.015,-0.291204064696294
27.7,2.018,-0.294224745686314
27.7,2.021,-0.297299112711531
27.7,2.024,-0.300428546761495
27.7,2.027,-0.303614474444583
27.7,2.03,-0.306858369794499
27.7,2.033,-0.310161756159847
27.7,2.036,-0.313526208181164
27.7,2.039,-0.316953353859978
27.7,2.042,-0.320444876724855
27.7,2.045,-0.32400251809955
27.7,2.048,-0.327628079478827
27.7,2.051,-0.33132342501773
27.7,2.054,-0.335090484140491
27.7,2.057,-0.338931254275668
27.7,2.06,-0.342847803724452
27.7,2.063,-0.34684227466954
27.7,2.066,-0.350916886332438
27.7,2.069,-0.355073938287538
27.7,2.072,-0.359315813941869
27.7,2.075,-0.363644984189907
27.7,2.078,-0.368064011253533
27.7,2.081,-0.372575552717843
27.7,2.084,-0.377182365774107
27.7,2.087,-0.381887311682087
27.7,2.09,-0.386693360464591
27.7,2.093,-0.391603595848005
27.7,2.096,-0.396621220463553
27.7,2.099,-0.40174956132486
27.7,2.102,-0.406992075598606
27.7,2.105,-0.412352356686107
27.7,2.108,-0.417834140634823
27.7,2.111,-0.423441312900281
27.7,2.114,-0.429177915480097
27.7,2.117,-0.435048154443436
27.7,2.12,-0.441056407880845
27.7,2.123,-0.44720723430114
27.7,2.126,-0.453505381503917
27.7,2.129,-0.459955795958322
27.7,2.132,-0.466563632720947
27.7,2.135,-0.473334265927981
27.7,2.138,-0.480273299899501
27.7,2.141,-0.487386580896365
27.7,2.144,-0.49468020957336
27.7,2.147,-0.502160554175322
27.7,2.15,-0.509834264526638
27.7,2.153,-0.517708286868211
27.7,2.156,-0.525789879600123
27.7,2.159,-0.534086629992797
27.7,2.162,-0.542606471934121
27.7,2.165,-0.551357704785413
27.7,2.168,-0.560349013424767
27.7,2.171,-0.569589489562489
27.7,2.174,-0.57908865442005
27.7,2.177,-0.588856482871473
27.7,2.18,-0.59890342915377
27.7,2.183,-0.609240454262009
27.7,2.186,-0.619879055153834
27.7,2.189,-0.630831295898695
27.7,2.192,-0.642109840918197
27.7,2.195,-0.653727990476353
27.7,2.198,-0.665699718591776
27.7,2.201,-0.678039713558608
27.7,2.204,-0.690763421278912
27.7,2.207,-0.703887091626773
27.7,2.21,-0.71742782808351
27.7,2.213,-0.731403640904357
27.7,2.216,-0.745833504100073
27.7,2.219,-0.760737416541971
27.7,2.222,-0.776136467526742
27.7,2.225,-0.792052907167721
27.7,2.228,-0.808510222012659
27.7,2.231,-0.825533216324862
27.7,2.234,-0.843148099504907
27.7,2.237,-0.861382580174716
27.7,2.24,-0.880265967494756
27.7,2.243,-0.899829280339361
27.7,2.246,-0.920105365014696
27.7,2.249,-0.941129022269998
27.7,2.252,-0.962937144425517
27.7,2.255,-0.985568863521245
27.7,2.258,-1.00906571147977
27.7,2.261,-1.03347179337561
27.7,2.264,-1.05883397501285
27.7,2.267,-1.08520208613508
27.7,2.27,-1.11262914072644
27.7,2.273,-1.14117157601356
27.7,2.276,-1.17088951194543
27.7,2.279,-1.20184703311503
27.7,2.282,-1.23411249529507
27.7,2.285,-1.26775885899286
27.7,2.288,-1.30286405268979
27.7,2.291,-1.3395113687228
27.7,2.294,-1.37778989509236
27.7,2.297,-1.41779498684925
27.7,2.3,-1.45962878112686
27.7,2.303,-1.50340076035202
27.7,2.306,-1.54922836869577
27.7,2.309,-1.59723768742252
27.7,2.312,-1.64756417547522
27.7,2.315,-1.70035348240647
27.7,2.318,-1.75576234164761
27.7,2.321,-1.81395955311855
27.7,2.324,-1.87512706534252
27.7,2.327,-1.93946116857002
27.7,2.33,-2.00717381196973
27.7,2.333,-2.07849405975102
27.7,2.336,-2.15366970319756
27.7,2.339,-2.23296904807674
27.7,2.342,-2.31668289982893
27.7,2.345,-2.4051267724363
27.7,2.348,-2.49864335105507
27.7,2.351,-2.59760524353649
27.7,2.354,-2.70241806207758
27.7,2.357,-2.81352388371548
27.7,2.36,-2.93140514757663
27.7,2.363,-3.05658905819672
27.7,2.366,-3.18965257847901
27.7,2.369,-3.33122811380268
27.7,2.372,-3.48201001156741
27.7,2.375,-3.64276202959067
27.7,2.378,-3.81432596433703
27.7,2.381,-3.99763167879046
27.7,2.384,-4.19370883379303
27.7,2.387,-4.40370071131431
27.7,2.39,-4.62888063104043
27.7,2.393,-4.87067161376288
27.7,2.396,-5.13067015195904
27.7,2.399,-5.41067523250464
27.7,2.402,-5.71272415238271
27.7,2.405,-6.03913722624216
27.7,2.408,-6.39257428218913
27.7,2.411,-6.77610699996539
27.7,2.414,-7.19331285564213
27.7,2.417,-7.64839901146031
27.7,2.42,-8.14636844946174
27.7,2.423,-8.69324688632904
27.7,2.426,-9.29639910310313
27.7,2.429,-9.96498016294718
27.7,2.432,-10.7105960494045
27.7,2.435,-11.5483003734385
27.7,2.438,-12.4981514336372
27.7,2.441,-13.5877460718895
27.7,2.444,-14.856546232348
27.7,2.447,-16.3636935063397
27.7,2.45,-18.203034371665
27.7,2.453,-20.5336011641199
27.7,2.456,-23.6377176765326
27.7,2.459,-27.8857228186877
27.7,2.462,-31.1116304076028
27.7,2.465,-27.4994293669258
27.7,2.468,-23.3452991496203
27.7,2.471,-20.3186087394753
27.7,2.474,-18.0362045468599
27.7,2.477,-16.2284626878776
27.7,2.48,-14.7434209281068
27.7,2.483,-13.4909200193291
27.7,2.486,-12.4138556379206
27.7,2.489,-11.4739661127134
27.7,2.492,-10.6444025020773
27.7,2.495,-9.90559488868541
27.7,2.498,-9.24282125575274
27.7,2.501,-8.64470821611023
27.7,2.504,-8.10226839334143
27.7,2.507,-7.60826073528258
27.7,2.51,-7.15675264261336
27.7,2.513,-6.74281241083779
27.7,2.516,-6.36228824140234
27.7,2.519,-6.01164621028034
27.7,2.522,-5.68784928011344
27.7,2.525,-5.38826544854762
27.7,2.528,-5.11059694598415
27.7,2.531,-4.85282488449077
27.7,2.534,-4.61316541527389
27.7,2.537,-4.39003457480502
27.7,2.54,-4.18201977411367
27.7,2.543,-3.98785642823038
27.7,2.546,-3.80640860809658
27.7,2.549,-3.63665287445231
27.7,2.552,-3.47766465494913
27.7,2.555,-3.32860667412549
27.7,2.558,-3.18871905613058
27.7,2.561,-3.057310802759
27.7,2.564,-2.93375241191737
27.7,2.567,-2.81746944938255
27.7,2.57,-2.70793692344869
27.7,2.573,-2.60467434055763
27.7,2.576,-2.50724134229451
27.7,2.579,-2.41523384169541
27.7,2.582,-2.32828059076825
27.7,2.585,-2.24604012229884
27.7,2.588,-2.16819801802573
27.7,2.591,-2.09446446259148
27.7,2.594,-2.02457204867558
27.7,2.597,-1.9582738036594
27.7,2.6,-1.89534141228056
27.7,2.603,-1.83556361316685
27.7,2.606,-1.77874475002796
27.7,2.609,-1.72470346072693
27.7,2.612,-1.67327148953333
27.7,2.615,-1.62429260963958
27.7,2.618,-1.57762164455166
27.7,2.621,-1.53312357828644
27.7,2.624,-1.49067274545397
27.7,2.627,-1.45015209330029
27.7,2.63,-1.4114525086573
27.7,2.633,-1.3744722035105
27.7,2.636,-1.33911615356572
27.7,2.639,-1.3052955847881
27.7,2.642,-1.27292750340845
27.7,2.645,-1.24193426535494
27.7,2.648,-1.21224318147859
27.7,2.651,-1.18378615530531
27.7,2.654,-1.15649935037224
27.7,2.657,-1.13032288449584
27.7,2.66,-1.1052005485774
27.7,2.663,-1.08107954778315
27.7,2.666,-1.05791026314321
27.7,2.669,-1.03564603179914
27.7,2.672,-1.01424294429647
27.7,2.675,-0.993659657468501
27.7,2.678,-0.973857221591807
27.7,2.681,-0.954798920615648
27.7,2.684,-0.93645012437626
27.7,2.687,-0.918778151805661
27.7,2.69,-0.901752144233495
27.7,2.693,-0.885342947960793
27.7,2.696,-0.869523005356979
27.7,2.699,-0.854266253797459
27.7,2.702,-0.839548031818252
27.7,2.705,-0.825344991918376
27.7,2.708,-0.811635019489465
27.7,2.711,-0.798397157396388
27.7,2.714,-0.785611535773143
27.7,2.717,-0.773259306634785
27.7,2.72,-0.761322582939495
27.7,2.723,-0.74978438176522
27.7,2.726,-0.738628571293009
27.7,2.729,-0.727839821314134
27.7,2.732,-0.717403557001241
27.7,2.735,-0.707305915704582
27.7,2.738,-0.697533706553502
27.7,2.741,-0.688074372660912
27.7,2.744,-0.678915955744324
27.7,2.747,-0.670047062991673
27.7,2.75,-0.661456836013573
27.7,2.753,-0.653134921735796
27.7,2.756,-0.64507144509706
27.7,2.759,-0.637256983427454
27.7,2.762,-0.629682542392292
27.7,2.765,-0.622339533394839
27.7,2.768,-0.615219752339319
27.7,2.771,-0.608315359662872
27.7,2.774,-0.601618861552016
27.7,2.777,-0.595123092265097
27.7,2.78,-0.588821197488199
27.7,2.783,-0.582706618656983
27.7,2.786,-0.57677307818193
27.7,2.789,-0.571014565518827
27.7,2.792,-0.56542532403054
27.7,2.795,-0.559999838589743
27.7,2.798,-0.554732823876056
27.7,2.801,-0.549619213323983
27.7,2.804,-0.544654148681279
27.7,2.807,-0.539832970139989
27.7,2.81,-0.535151207005086
27.7,2.813,-0.530604568867889
27.7,2.816,-0.526188937253776
27.7,2.819,-0.52190035771561
27.7,2.822,-0.517735032346324
27.7,2.825,-0.513689312685724
27.7,2.828,-0.509759692998344
27.7,2.831,-0.505942803900581
27.7,2.834,-0.502235406316781
27.7,2.837,-0.49863438574532
27.7,2.84,-0.495136746816774
27.7,2.843,-0.491739608127658
27.7,2.846,-0.488440197333943
27.7,2.849,-0.485235846489848
27.7,2.852,-0.482123987618112
27.7,2.855,-0.47910214849888
27.7,2.858,-0.476167948665121
27.7,2.861,-0.473319095593242
27.7,2.864,-0.470553381078224
27.7,2.867,-0.467868677783265
27.7,2.87,-0.465262935954573
27.7,2.873,-0.462734180292363
27.7,2.876,-0.46028050696984
27.7,2.879,-0.457900080792262
27.7,2.882,-0.45559113248875
27.7,2.885,-0.453351956129884
27.7,2.888,-0.451180906664565
27.7,2.891,-0.449076397569944
27.7,2.894,-0.447036898608666
27.7,2.897,-0.445060933687891
27.7,2.9,-0.443147078814983
27.7,2.903,-0.441293960144913
27.7,2.906,-0.439500252114879
27.7,2.909,-0.437764675661698
27.7,2.912,-0.43608599651791
27.7,2.915,-0.434463023582724
27.7,2.918,-0.432894607364103
27.7,2.921,-0.431379638488571
27.7,2.924,-0.429917046275387
27.7,2.927,-0.428505797372095
27.7,2.93,-0.427144894448368
27.7,2.933,-0.425833374945525
27.7,2.936,-0.424570309878952
27.7,2.939,-0.423354802691015
27.7,2.942,-0.422185988152084
27.7,2.945,-0.421063031307398
27.7,2.948,-0.41998512646769
27.7,2.951,-0.41895149624154
27.7,2.954,-0.417961390607538
27.7,2.957,-0.417014086024436
27.7,2.96,-0.416108884577622
27.7,2.963,-0.415245113160183
27.7,2.966,-0.414422122687129
27.7,2.969,-0.413639287341197
27.7,2.972,-0.412896003848874
27.7,2.975,-0.412191690785333
27.7,2.978,-0.411525787906978
27.7,2.981,-0.410897755510401
27.7,2.984,-0.410307073816633
27.7,2.987,-0.409753242379546
27.7,2.99,-0.409235779517429
27.7,2.993,-0.408754221766707
27.7,2.996,-0.408308123356892
27.7,2.999,-0.407897055705837
27.7,3.002,-0.407520606934464
27.7,3.005,-0.407178381400155
27.7,3.008,-0.406869999248019
27.7,3.011,-0.406595095979292
27.7,3.014,-0.406353322036191
27.7,3.017,-0.406144342402502
27.7,3.02,-0.405967836219326
27.7,3.023,-0.40582349641531
27.7,3.026,-0.405711029350804
27.7,3.029,-0.405630154475404
27.7,3.032,-0.405580603998304
27.7,3.035,-0.405562122571004
27.7,3.038,-0.405574466981828
27.7,3.041,-0.40561740586184
27.7,3.044,-0.405690719401674
27.7,3.047,-0.405794199078878
27.7,3.05,-0.405927647395362
27.8,1.85,-0.180714191019288
27.8,1.853,-0.182100711642827
27.8,1.856,-0.183504536400556
27.8,1.859,-0.184925987039467
27.8,1.862,-0.186365393092719
27.8,1.865,-0.187823092118313
27.8,1.868,-0.189299429946
27.8,1.871,-0.190794760932752
27.8,1.874,-0.192309448227148
27.8,1.877,-0.193843864043036
27.8,1.88,-0.195398389942842
27.8,1.883,-0.1969734171309
27.8,1.886,-0.19856934675726
27.8,1.889,-0.200186590232342
27.8,1.892,-0.201825569552959
27.8,1.895,-0.203486717640095
27.8,1.898,-0.205170478689008
27.8,1.901,-0.206877308532116
27.8,1.904,-0.208607675015236
27.8,1.907,-0.210362058387742
27.8,1.91,-0.212140951707199
27.8,1.913,-0.213944861259143
27.8,1.916,-0.215774306992622
27.8,1.919,-0.217629822972181
27.8,1.922,-0.219511957847026
27.8,1.925,-0.221421275338098
27.8,1.928,-0.223358354743842
27.8,1.931,-0.225323791465515
27.8,1.934,-0.227318197552865
27.8,1.937,-0.229342202271133
27.8,1.94,-0.231396452690277
27.8,1.943,-0.23348161429749
27.8,1.946,-0.235598371633989
27.8,1.949,-0.23774742895724
27.8,1.952,-0.239929510929747
27.8,1.955,-0.242145363335661
27.8,1.958,-0.24439575382644
27.8,1.961,-0.246681472696985
27.8,1.964,-0.249003333693609
27.8,1.967,-0.251362174855376
27.8,1.97,-0.253758859390385
27.8,1.973,-0.256194276588638
27.8,1.976,-0.258669342773259
27.8,1.979,-0.26118500229192
27.8,1.982,-0.263742228550383
27.8,1.985,-0.266342025090245
27.8,1.988,-0.268985426713019
27.8,1.991,-0.271673500652842
27.8,1.994,-0.274407347800221
27.8,1.997,-0.277188103979359
27.8,2,-0.280016941281715
27.8,2.003,-0.282895069458673
27.8,2.006,-0.285823737376287
27.8,2.009,-0.288804234535254
27.8,2.012,-0.291837892659515
27.8,2.015,-0.294926087356933
27.8,2.018,-0.298070239855869
27.8,2.021,-0.301271818821594
27.8,2.024,-0.304532342256689
27.8,2.027,-0.307853379489924
27.8,2.03,-0.311236553258306
27.8,2.033,-0.314683541887253
27.8,2.036,-0.318196081574198
27.8,2.039,-0.321775968781234
27.8,2.042,-0.325425062742716
27.8,2.045,-0.329145288094142
27.8,2.048,-0.332938637629006
27.8,2.051,-0.336807175190725
27.8,2.054,-0.340753038707187
27.8,2.057,-0.344778443375971
27.8,2.06,-0.348885685008725
27.8,2.063,-0.353077143543824
27.8,2.066,-0.357355286736916
27.8,2.069,-0.361722674039665
27.8,2.072,-0.366181960677616
27.8,2.075,-0.370735901938819
27.8,2.078,-0.375387357685661
27.8,2.081,-0.380139297103126
27.8,2.084,-0.384994803697564
27.8,2.087,-0.389957080561119
27.8,2.09,-0.395029455917787
27.8,2.093,-0.400215388968331
27.8,2.096,-0.4055184760524
27.8,2.099,-0.410942457147373
27.8,2.102,-0.416491222724991
27.8,2.105,-0.422168820988079
27.8,2.108,-0.427979465511409
27.8,2.111,-0.433927543312377
27.8,2.114,-0.44001762337897
27.8,2.117,-0.446254465684496
27.8,2.12,-0.452643030720712
27.8,2.123,-0.459188489583202
27.8,2.126,-0.465896234645382
27.8,2.129,-0.472771890860196
27.8,2.132,-0.479821327731419
27.8,2.135,-0.48705067199966
27.8,2.138,-0.494466321091523
27.8,2.141,-0.502074957384059
27.8,2.144,-0.509883563340632
27.8,2.147,-0.5178994375786
27.8,2.15,-0.526130211933946
27.8,2.153,-0.534583869593026
27.8,2.156,-0.5432687643671
27.8,2.159,-0.55219364119139
27.8,2.162,-0.561367657936786
27.8,2.165,-0.570800408629525
27.8,2.168,-0.580501948181801
27.8,2.171,-0.590482818744709
27.8,2.174,-0.60075407780399
27.8,2.177,-0.611327328149133
27.8,2.18,-0.622214749857198
27.8,2.183,-0.63342913444453
27.8,2.186,-0.644983921352697
27.8,2.189,-0.65689323694895
27.8,2.192,-0.669171936237139
27.8,2.195,-0.681835647491941
27.8,2.198,-0.694900820047818
27.8,2.201,-0.708384775494484
27.8,2.204,-0.722305762553009
27.8,2.207,-0.73668301593111
27.8,2.21,-0.751536819483085
27.8,2.213,-0.766888574029419
27.8,2.216,-0.78276087022344
27.8,2.219,-0.799177566888236
27.8,2.222,-0.816163875286312
27.8,2.225,-0.833746449827705
27.8,2.228,-0.851953485770177
27.8,2.231,-0.87081482451761
27.8,2.234,-0.890362067181064
27.8,2.237,-0.91062869713107
27.8,2.24,-0.931650212340899
27.8,2.243,-0.953464268399191
27.8,2.246,-0.976110833157334
27.8,2.249,-0.999632354073762
27.8,2.252,-1.02407393942418
27.8,2.255,-1.04948355466598
27.8,2.258,-1.07591223537725
27.8,2.261,-1.10341431833766
27.8,2.264,-1.13204769248293
27.8,2.267,-1.16187407164654
27.8,2.27,-1.19295929120683
27.8,2.273,-1.22537363098506
27.8,2.276,-1.25919216699505
27.8,2.279,-1.29449515493042
27.8,2.282,-1.33136844859585
27.8,2.285,-1.36990395684849
27.8,2.288,-1.4102001430208
27.8,2.291,-1.4523625712524
27.8,2.294,-1.4965045046743
27.8,2.297,-1.54274756097237
27.8,2.3,-1.59122243151904
27.8,2.303,-1.64206967101508
27.8,2.306,-1.69544056544168
27.8,2.309,-1.75149808710514
27.8,2.312,-1.81041794668302
27.8,2.315,-1.87238975347795
27.8,2.318,-1.93761829658514
27.8,2.321,-2.0063249614208
27.8,2.324,-2.07874929808945
27.8,2.327,-2.1551507604483
27.8,2.33,-2.23581063753239
27.8,2.333,-2.3210342023284
27.8,2.336,-2.41115310685061
27.8,2.339,-2.50652805723107
27.8,2.342,-2.60755180828743
27.8,2.345,-2.71465252403143
27.8,2.348,-2.82829755916258
27.8,2.351,-2.94899772719271
27.8,2.354,-3.07731213404436
27.8,2.357,-3.21385367252479
27.8,2.36,-3.35929529402036
27.8,2.363,-3.51437720045788
27.8,2.366,-3.67991513390392
27.8,2.369,-3.85680998566087
27.8,2.372,-4.04605900487012
27.8,2.375,-4.24876896330211
27.8,2.378,-4.46617173500726
27.8,2.381,-4.69964288645956
27.8,2.384,-4.95072405855122
27.8,2.387,-5.22115017632475
27.8,2.39,-5.51288287511878
27.8,2.393,-5.82815202685404
27.8,2.396,-6.16950795430787
27.8,2.399,-6.53988793772948
27.8,2.402,-6.94270211001657
27.8,2.405,-7.38194606669187
27.8,2.408,-7.86235091906278
27.8,2.411,-8.38958682901213
27.8,2.414,-8.97054456602119
27.8,2.417,-9.61373363538212
27.8,2.42,-10.3298593615759
27.8,2.423,-11.1326833615029
27.8,2.426,-12.0403491174589
27.8,2.429,-13.0775030010245
27.8,2.432,-14.2788417213002
27.8,2.435,-15.6953574358557
27.8,2.438,-17.4059724818621
27.8,2.441,-19.5403281413975
27.8,2.444,-22.3221404774217
27.8,2.447,-26.0911193148962
27.8,2.45,-30.1734207493907
27.8,2.453,-28.600313589962
27.8,2.456,-24.301985543132
27.8,2.459,-21.0051261972155
27.8,2.462,-18.5411705535375
27.8,2.465,-16.6116985905351
27.8,2.468,-15.0409652032264
27.8,2.471,-13.725384112727
27.8,2.474,-12.6001988618955
27.8,2.477,-11.6225664083016
27.8,2.48,-10.7627531741775
27.8,2.483,-9.99928947366674
27.8,2.486,-9.3161524038073
27.8,2.489,-8.7010471997447
27.8,2.492,-8.14431444520681
27.8,2.495,-7.6382101426655
27.8,2.498,-7.17641669058746
27.8,2.501,-6.75370174264311
27.8,2.504,-6.36567458597097
27.8,2.507,-6.00860849460116
27.8,2.51,-5.67930873653519
27.8,2.513,-5.37501281300712
27.8,2.516,-5.09331386797856
27.8,2.519,-4.83210102806713
27.8,2.522,-4.58951230014916
27.8,2.525,-4.36389691333153
27.8,2.528,-4.15378485654867
27.8,2.531,-3.95786196594313
27.8,2.534,-3.77494934263658
27.8,2.537,-3.60398618706143
27.8,2.54,-3.44401535756742
27.8,2.543,-3.29417112340776
27.8,2.546,-3.15366870244996
27.8,2.549,-3.0217952638461
27.8,2.552,-2.89790214370838
27.8,2.555,-2.78139807344134
27.8,2.558,-2.67174325999138
27.8,2.561,-2.5684441879286
27.8,2.564,-2.47104903719699
27.8,2.567,-2.37914362918671
27.8,2.57,-2.29234782870651
27.8,2.573,-2.21031234136323
27.8,2.576,-2.1327158554677
27.8,2.579,-2.05926248539015
27.8,2.582,-1.98967947967296
27.8,2.585,-1.92371516247001
27.8,2.588,-1.86113708124877
27.8,2.591,-1.80173033734007
27.8,2.594,-1.74529607898899
27.8,2.597,-1.69165013915632
27.8,2.6,-1.64062180252907
27.8,2.603,-1.59205268808792
27.8,2.606,-1.54579573520335
27.8,2.609,-1.50171428263473
27.8,2.612,-1.45968123102208
27.8,2.615,-1.41957828051845
27.8,2.618,-1.38129523613445
27.8,2.621,-1.34472937417614
27.8,2.624,-1.3097848638684
27.8,2.627,-1.27637223888204
27.8,2.63,-1.2444079140361
27.8,2.633,-1.21381374293591
27.8,2.636,-1.1845166127412
27.8,2.639,-1.15644807264393
27.8,2.642,-1.12954399297819
27.8,2.645,-1.10374425219007
27.8,2.648,-1.07899244916754
27.8,2.651,-1.05523563867462
27.8,2.654,-1.03242408785126
27.8,2.657,-1.01051105193586
27.8,2.66,-0.9894525675425
27.8,2.663,-0.969207261981597
27.8,2.666,-0.949736177254278
27.8,2.669,-0.931002607477473
27.8,2.672,-0.912971948611162
27.8,2.675,-0.895611559462062
27.8,2.678,-0.878890633031046
27.8,2.681,-0.862780077355402
27.8,2.684,-0.847252405072638
27.8,2.687,-0.832281631001197
27.8,2.69,-0.817843177095246
27.8,2.693,-0.803913784186819
27.8,2.696,-0.790471429979465
27.8,2.699,-0.777495252803556
27.8,2.702,-0.764965480685259
27.8,2.705,-0.752863365319168
27.8,2.708,-0.741171120569059
27.8,2.711,-0.72987186515259
27.8,2.714,-0.718949569194418
27.8,2.717,-0.708389004358001
27.8,2.72,-0.6981756972903
27.8,2.723,-0.688295886134914
27.8,2.726,-0.678736479889155
27.8,2.729,-0.66948502039828
27.8,2.732,-0.660529646796769
27.8,2.735,-0.65185906222139
27.8,2.738,-0.643462502634641
27.8,2.741,-0.635329707609604
27.8,2.744,-0.627450892938905
27.8,2.747,-0.619816724940917
27.8,2.75,-0.612418296346027
27.8,2.753,-0.605247103654727
27.8,2.756,-0.598295025867352
27.8,2.759,-0.591554304492798
27.8,2.762,-0.585017524750469
27.8,2.765,-0.578677597885971
27.8,2.768,-0.572527744526871
27.8,2.771,-0.566561479010299
27.8,2.774,-0.560772594618937
27.8,2.777,-0.555155149666692
27.8,2.78,-0.549703454379272
27.8,2.783,-0.544412058519086
27.8,2.786,-0.539275739707112
27.8,2.789,-0.53428949239794
27.8,2.792,-0.529448517467072
27.8,2.795,-0.524748212372526
27.8,2.798,-0.520184161855214
27.8,2.801,-0.515752129145138
27.8,2.804,-0.511448047642621
27.8,2.807,-0.507268013045786
27.8,2.81,-0.503208275897566
27.8,2.813,-0.499265234527156
27.8,2.816,-0.495435428362531
27.8,2.819,-0.491715531592245
27.8,2.822,-0.488102347155954
27.8,2.825,-0.48459280104473
27.8,2.828,-0.481183936893112
27.8,2.831,-0.47787291084628
27.8,2.834,-0.47465698668661
27.8,2.837,-0.471533531204954
27.8,2.84,-0.468500009802828
27.8,2.843,-0.465553982312678
27.8,2.846,-0.462693099024022
27.8,2.849,-0.459915096904155
27.8,2.852,-0.457217796002711
27.8,2.855,-0.454599096030111
27.8,2.858,-0.452056973100408
27.8,2.861,-0.449589476629718
27.8,2.864,-0.447194726381901
27.8,2.867,-0.444870909653666
27.8,2.87,-0.442616278591716
27.8,2.873,-0.440429147635008
27.8,2.876,-0.438307891075587
27.8,2.879,-0.436250940731851
27.8,2.882,-0.434256783728419
27.8,2.885,-0.432323960377159
27.8,2.888,-0.430451062154236
27.8,2.891,-0.428636729768239
27.8,2.894,-0.4268796513149
27.8,2.897,-0.425178560513979
27.8,2.9,-0.423532235024275
27.8,2.903,-0.421939494832891
27.8,2.906,-0.420399200715081
27.8,2.909,-0.418910252761206
27.8,2.912,-0.417471588967623
27.8,2.915,-0.4160821838883
27.8,2.918,-0.414741047344305
27.8,2.921,-0.413447223188413
27.8,2.924,-0.412199788122131
27.8,2.927,-0.410997850562784
27.8,2.93,-0.409840549558172
27.8,2.933,-0.408727053746693
27.8,2.936,-0.407656560360756
27.8,2.939,-0.406628294271486
27.8,2.942,-0.405641507072841
27.8,2.945,-0.404695476203329
27.8,2.948,-0.403789504103622
27.8,2.951,-0.402922917408445
27.8,2.954,-0.402095066171178
27.8,2.957,-0.401305323119749
27.8,2.96,-0.40055308294237
27.8,2.963,-0.399837761601886
27.8,2.966,-0.399158795677352
27.8,2.969,-0.398515641731762
27.8,2.972,-0.397907775704753
27.8,2.975,-0.397334692329152
27.8,2.978,-0.396795904570442
27.8,2.981,-0.396290943088074
27.8,2.984,-0.395819355717725
27.8,2.987,-0.395380706973657
27.8,2.99,-0.394974577570266
27.8,2.993,-0.394600563962041
27.8,2.996,-0.394258277901189
27.8,2.999,-0.393947346012176
27.8,3.002,-0.393667409382445
27.8,3.005,-0.393418123168747
27.8,3.008,-0.393199156218356
27.8,3.011,-0.393010190704593
27.8,3.014,-0.392850921776093
27.8,3.017,-0.392721057219273
27.8,3.02,-0.392620317133424
27.8,3.023,-0.392548433617995
27.8,3.026,-0.392505150471501
27.8,3.029,-0.392490222901722
27.8,3.032,-0.392503417246583
27.8,3.035,-0.392544510705494
27.8,3.038,-0.392613291080564
27.8,3.041,-0.392709556527419
27.8,3.044,-0.39283311531526
27.8,3.047,-0.392983785595716
27.8,3.05,-0.393161395180262
27.9,1.85,-0.184735273262787
27.9,1.853,-0.186156422979319
27.9,1.856,-0.187595874044315
27.9,1.859,-0.189053963532951
27.9,1.862,-0.190531036908314
27.9,1.865,-0.192027448280329
27.9,1.868,-0.193543560673728
27.9,1.871,-0.195079746305493
27.9,1.874,-0.196636386872072
27.9,1.877,-0.198213873846851
27.9,1.88,-0.199812608788225
27.9,1.883,-0.201433003658791
27.9,1.886,-0.203075481156021
27.9,1.889,-0.204740475055
27.9,1.892,-0.206428430563645
27.9,1.895,-0.208139804690992
27.9,1.898,-0.209875066629051
27.9,1.901,-0.211634698148855
27.9,1.904,-0.213419194011276
27.9,1.907,-0.215229062393255
27.9,1.91,-0.217064825330096
27.9,1.913,-0.218927019174544
27.9,1.916,-0.220816195073354
27.9,1.919,-0.222732919462132
27.9,1.922,-0.224677774579256
27.9,1.925,-0.226651358999687
27.9,1.928,-0.228654288189613
27.9,1.931,-0.230687195082801
27.9,1.934,-0.232750730679668
27.9,1.937,-0.234845564670077
27.9,1.94,-0.236972386080955
27.9,1.943,-0.23913190394985
27.9,1.946,-0.241324848025625
27.9,1.949,-0.243551969497542
27.9,1.952,-0.245814041754061
27.9,1.955,-0.248111861172717
27.9,1.958,-0.250446247942574
27.9,1.961,-0.252818046920749
27.9,1.964,-0.25522812852465
27.9,1.967,-0.257677389661636
27.9,1.97,-0.260166754697884
27.9,1.973,-0.262697176468348
27.9,1.976,-0.265269637329822
27.9,1.979,-0.267885150259204
27.9,1.982,-0.270544759999193
27.9,1.985,-0.27324954425372
27.9,1.988,-0.27600061493565
27.9,1.991,-0.278799119469307
27.9,1.994,-0.281646242150615
27.9,1.997,-0.284543205567744
27.9,2,-0.28749127208536
27.9,2.003,-0.290491745395712
27.9,2.006,-0.293545972140033
27.9,2.009,-0.296655343603828
27.9,2.012,-0.299821297489984
27.9,2.015,-0.303045319773707
27.9,2.018,-0.306328946643661
27.9,2.021,-0.309673766533824
27.9,2.024,-0.31308142225096
27.9,2.027,-0.316553613202802
27.9,2.03,-0.320092097732434
27.9,2.033,-0.32369869556458
27.9,2.036,-0.327375290370021
27.9,2.039,-0.33112383245454
27.9,2.042,-0.334946341579407
27.9,2.045,-0.33884490992066
27.9,2.048,-0.342821705175022
27.9,2.051,-0.346878973820715
27.9,2.054,-0.351019044542024
27.9,2.057,-0.355244331826929
27.9,2.06,-0.35955733974784
27.9,2.063,-0.363960665936026
27.9,2.066,-0.368457005761043
27.9,2.069,-0.373049156727267
27.9,2.072,-0.377740023100299
27.9,2.075,-0.382532620777045
27.9,2.078,-0.387430082413997
27.9,2.081,-0.392435662829369
27.9,2.084,-0.397552744695738
27.9,2.087,-0.402784844540969
27.9,2.09,-0.408135619076437
27.9,2.093,-0.4136088718729
27.9,2.096,-0.419208560405711
27.9,2.099,-0.424938803492697
27.9,2.102,-0.430803889149545
27.9,2.105,-0.436808282889407
27.9,2.108,-0.442956636495281
27.9,2.111,-0.449253797295817
27.9,2.114,-0.455704817977371
27.9,2.117,-0.462314966967627
27.9,2.12,-0.469089739428529
27.9,2.123,-0.476034868899287
27.9,2.126,-0.483156339633032
27.9,2.129,-0.49046039967417
27.9,2.132,-0.497953574726834
27.9,2.135,-0.505642682868935
27.9,2.138,-0.513534850170204
27.9,2.141,-0.521637527277387
27.9,2.144,-0.529958507034473
27.9,2.147,-0.538505943211331
27.9,2.15,-0.547288370419792
27.9,2.153,-0.55631472530255
27.9,2.156,-0.565594369087185
27.9,2.159,-0.575137111604905
27.9,2.162,-0.584953236881863
27.9,2.165,-0.595053530419679
27.9,2.168,-0.605449308291417
27.9,2.171,-0.616152448189837
27.9,2.174,-0.62717542257619
27.9,2.177,-0.638531334090324
27.9,2.18,-0.650233953396653
27.9,2.183,-0.662297759655401
27.9,2.186,-0.674737983825056
27.9,2.189,-0.687570655019789
27.9,2.192,-0.700812650165342
27.9,2.195,-0.714481747218409
27.9,2.198,-0.7285966822382
27.9,2.201,-0.743177210624775
27.9,2.204,-0.758244172867405
27.9,2.207,-0.77381956517735
27.9,2.21,-0.789926615414166
27.9,2.213,-0.806589864752396
27.9,2.216,-0.82383525557754
27.9,2.219,-0.841690226146077
27.9,2.222,-0.860183812595394
27.9,2.225,-0.879346758945494
27.9,2.228,-0.899211635796401
27.9,2.231,-0.919812968493908
27.9,2.234,-0.941187375612079
27.9,2.237,-0.963373718685114
27.9,2.24,-0.986413264214357
27.9,2.243,-1.01034985907956
27.9,2.246,-1.03523012059848
27.9,2.249,-1.06110364260631
27.9,2.252,-1.08802321906849
27.9,2.255,-1.11604508689855
27.9,2.258,-1.14522918982866
27.9,2.261,-1.1756394653774
27.9,2.264,-1.20734415717866
27.9,2.267,-1.24041615518158
27.9,2.27,-1.27493336650612
27.9,2.273,-1.31097912004796
27.9,2.276,-1.34864260827248
27.9,2.279,-1.38801937002764
27.9,2.282,-1.42921181864482
27.9,2.285,-1.47232982009225
27.9,2.288,-1.51749132650673
27.9,2.291,-1.5648230710647
27.9,2.294,-1.61446133087628
27.9,2.297,-1.66655276540818
27.9,2.3,-1.72125533888189
27.9,2.303,-1.77873933616988
27.9,2.306,-1.83918848295166
27.9,2.309,-1.9028011823204
27.9,2.312,-1.96979188168761
27.9,2.315,-2.04039258576099
27.9,2.318,-2.11485453362604
27.9,2.321,-2.19345006061278
27.9,2.324,-2.27647466876351
27.9,2.327,-2.36424933344526
27.9,2.33,-2.45712307811209
27.9,2.333,-2.55547585459817
27.9,2.336,-2.65972177284487
27.9,2.339,-2.77031273193683
27.9,2.342,-2.88774251413768
27.9,2.345,-3.01255141579673
27.9,2.348,-3.145331504232
27.9,2.351,-3.28673260890081
27.9,2.354,-3.43746917957886
27.9,2.357,-3.598328175548
27.9,2.36,-3.7701781902089
27.9,2.363,-3.95398006819797
27.9,2.366,-4.15079934130638
27.9,2.369,-4.36182090128574
27.9,2.372,-4.58836645046995
27.9,2.375,-4.83191543715568
27.9,2.378,-5.09413040935542
27.9,2.381,-5.37688803346789
27.9,2.384,-5.68231746162275
27.9,2.387,-6.01284835034101
27.9,2.39,-6.37127172187631
27.9,2.393,-6.76081815625221
27.9,2.396,-7.18525972749808
27.9,2.399,-7.64904501361215
27.9,2.402,-8.15748102387346
27.9,2.405,-8.71698304875901
27.9,2.408,-9.33542511691046
27.9,2.411,-10.0226433888574
27.9,2.414,-10.7911790350586
27.9,2.417,-11.6574091386751
27.9,2.42,-12.64333156773
27.9,2.423,-13.7795033682276
27.9,2.426,-15.1101224299233
27.9,2.429,-16.7023239800834
27.9,2.432,-18.6641982882822
27.9,2.435,-21.1806234732911
27.9,2.438,-24.5667752185557
27.9,2.441,-28.9483086830689
27.9,2.444,-30.0557993831813
27.9,2.447,-25.7870622663258
27.9,2.45,-22.0706317168174
27.9,2.453,-19.3350024771064
27.9,2.456,-17.2317907315259
27.9,2.459,-15.5427324866326
27.9,2.462,-14.1418805489136
27.9,2.465,-12.9524466028421
27.9,2.468,-11.9246975474798
27.9,2.471,-11.0247126605114
27.9,2.474,-10.2283445713453
27.9,2.477,-9.51778268956215
27.9,2.48,-8.87949439061707
27.9,2.483,-8.30293589187721
27.9,2.486,-7.77971401221632
27.9,2.489,-7.30302315032502
27.9,2.492,-6.86725634151743
27.9,2.495,-6.46772987387803
27.9,2.498,-6.10048400786052
27.9,2.501,-5.76213592018965
27.9,2.504,-5.44976924572574
27.9,2.507,-5.16084975263574
27.9,2.51,-4.89315999763554
27.9,2.513,-4.64474798121071
27.9,2.516,-4.41388627809636
27.9,2.519,-4.19903911086677
27.9,2.522,-3.9988355225817
27.9,2.525,-3.81204728854686
27.9,2.528,-3.63757055242135
27.9,2.531,-3.47441042104639
27.9,2.534,-3.32166793421541
27.9,2.537,-3.17852895972911
27.9,2.54,-3.04425466397163
27.9,2.543,-2.91817328333843
27.9,2.546,-2.79967297880084
27.9,2.549,-2.68819559946685
27.9,2.552,-2.58323121461458
27.9,2.555,-2.48431329982945
27.9,2.558,-2.39101448339101
27.9,2.561,-2.30294277527927
27.9,2.564,-2.21973821410401
27.9,2.567,-2.1410698776546
27.9,2.57,-2.06663321118619
27.9,2.573,-1.99614763442861
27.9,2.576,-1.92935439395404
27.9,2.579,-1.86601463221865
27.9,2.582,-1.80590764849545
27.9,2.585,-1.74882933019098
27.9,2.588,-1.69459073580494
27.9,2.591,-1.64301681314228
27.9,2.594,-1.59394523839429
27.9,2.597,-1.54722536342868
27.9,2.6,-1.50271726011413
27.9,2.603,-1.46029085179195
27.9,2.606,-1.41982512312588
27.9,2.609,-1.38120740053694
27.9,2.612,-1.34433269628445
27.9,2.615,-1.30910311000412
27.9,2.618,-1.2754272821735
27.9,2.621,-1.24321989455772
27.9,2.624,-1.2124012132026
27.9,2.627,-1.1828966699985
27.9,2.63,-1.1546364792428
27.9,2.633,-1.1275552859889
27.9,2.636,-1.10159184328974
27.9,2.639,-1.07668871573002
27.9,2.642,-1.05279200689604
27.9,2.645,-1.02985110866062
27.9,2.648,-1.00781847036447
27.9,2.651,-0.986649386158767
27.9,2.654,-0.966301798937625
27.9,2.657,-0.946736119436866
27.9,2.66,-0.927915059207969
27.9,2.663,-0.909803476295409
27.9,2.666,-0.892368232553024
27.9,2.669,-0.875578061631937
27.9,2.672,-0.859403446759895
27.9,2.675,-0.843816507510811
27.9,2.678,-0.828790894834507
27.9,2.681,-0.814301693681218
27.9,2.684,-0.800325332613642
27.9,2.687,-0.786839499852299
27.9,2.69,-0.773823065247634
27.9,2.693,-0.761256007716011
27.9,2.696,-0.74911934771589
27.9,2.699,-0.737395084376478
27.9,2.702,-0.726066136923632
27.9,2.705,-0.715116290077312
27.9,2.708,-0.70453014312199
27.9,2.711,-0.694293062375758
27.9,2.714,-0.684391136806458
27.9,2.717,-0.67481113656331
27.9,2.72,-0.665540474211345
27.9,2.723,-0.656567168472774
27.9,2.726,-0.647879810295069
27.9,2.729,-0.639467531079647
27.9,2.732,-0.631319972918059
27.9,2.735,-0.6234272606945
27.9,2.738,-0.615779975924302
27.9,2.741,-0.608369132208079
27.9,2.744,-0.601186152190335
27.9,2.747,-0.594222845919743
27.9,2.75,-0.587471390515998
27.9,2.753,-0.58092431105531
27.9,2.756,-0.574574462592958
27.9,2.759,-0.568415013247461
27.9,2.762,-0.562439428276405
27.9,2.765,-0.556641455078937
27.9,2.768,-0.551015109064749
27.9,2.771,-0.545554660333597
27.9,2.774,-0.540254621113402
27.9,2.777,-0.535109733908644
27.9,2.78,-0.530114960314124
27.9,2.783,-0.525265470452377
27.9,2.786,-0.520556632995775
27.9,2.789,-0.515984005737157
27.9,2.792,-0.511543326675217
27.9,2.795,-0.507230505583237
27.9,2.798,-0.503041616031765
27.9,2.801,-0.498972887837973
27.9,2.804,-0.49502069991603
27.9,2.807,-0.491181573504728
27.9,2.81,-0.487452165750016
27.9,2.813,-0.483829263621634
27.9,2.816,-0.480309778144363
27.9,2.819,-0.476890738925626
27.9,2.822,-0.473569288962421
27.9,2.825,-0.470342679711622
27.9,2.828,-0.467208266408598
27.9,2.831,-0.464163503620245
27.9,2.834,-0.461205941019198
27.9,2.837,-0.458333219366912
27.9,2.84,-0.455543066694052
27.9,2.843,-0.452833294667332
27.9,2.846,-0.450201795132599
27.9,2.849,-0.447646536824545
27.9,2.852,-0.445165562234147
27.9,2.855,-0.442756984625218
27.9,2.858,-0.440418985192255
27.9,2.861,-0.438149810351991
27.9,2.864,-0.435947769161672
27.9,2.867,-0.433811230857337
27.9,2.87,-0.431738622505959
27.9,2.873,-0.429728426765452
27.9,2.876,-0.427779179747073
27.9,2.879,-0.425889468974914
27.9,2.882,-0.424057931437607
27.9,2.885,-0.422283251727542
27.9,2.888,-0.42056416026322
27.9,2.891,-0.418899431590581
27.9,2.894,-0.417287882759384
27.9,2.897,-0.415728371770955
27.9,2.9,-0.414219796093752
27.9,2.903,-0.412761091243503
27.9,2.906,-0.411351229424718
27.9,2.909,-0.409989218230668
27.9,2.912,-0.408674099399011
27.9,2.915,-0.407404947620364
27.9,2.918,-0.40618086939741
27.9,2.921,-0.405001001952048
27.9,2.924,-0.403864512178427
27.9,2.927,-0.402770595639642
27.9,2.93,-0.40171847560614
27.9,2.933,-0.400707402133866
27.9,2.936,-0.399736651180347
27.9,2.939,-0.398805523756981
27.9,2.942,-0.397913345115884
27.9,2.945,-0.397059463969741
27.9,2.948,-0.396243251743192
27.9,2.951,-0.395464101854328
27.9,2.954,-0.394721429024956
27.9,2.957,-0.39401466861841
27.9,2.96,-0.393343276003633
27.9,2.963,-0.392706725944451
27.9,2.966,-0.392104512012875
27.9,2.969,-0.391536146025458
27.9,2.972,-0.391001157501698
27.9,2.975,-0.390499093143503
27.9,2.978,-0.390029516334896
27.9,2.981,-0.38959200666104
27.9,2.984,-0.389186159445825
27.9,2.987,-0.38881158530718
27.9,2.99,-0.38846790972946
27.9,2.993,-0.388154772652089
27.9,2.996,-0.387871828073901
27.9,2.999,-0.387618743672463
27.9,3.002,-0.387395200437799
27.9,3.005,-0.387200892319933
27.9,3.008,-0.387035525889681
27.9,3.011,-0.386898820012175
27.9,3.014,-0.386790505532604
27.9,3.017,-0.38671032497369
27.9,3.02,-0.386658032244435
27.9,3.023,-0.386633392359691
27.9,3.026,-0.386636181170173
27.9,3.029,-0.386666185102406
27.9,3.032,-0.386723200908366
27.9,3.035,-0.386807035424307
27.9,3.038,-0.386917505338531
27.9,3.041,-0.387054436967668
27.9,3.044,-0.387217666041228
27.9,3.047,-0.387407037494057
27.9,3.05,-0.387622405266413
28,1.85,-0.188016797356964
28,1.853,-0.18947055789761
28,1.856,-0.190943752296824
28,1.859,-0.192436743790441
28,1.862,-0.193949904799138
28,1.865,-0.195483617215646
28,1.868,-0.197038272702179
28,1.871,-0.198614272998425
28,1.874,-0.200212030240664
28,1.877,-0.201831967292317
28,1.88,-0.203474518086532
28,1.883,-0.205140127981243
28,1.886,-0.206829254127225
28,1.889,-0.208542365849734
28,1.892,-0.210279945044242
28,1.895,-0.212042486586961
28,1.898,-0.213830498760672
28,1.901,-0.21564450369664
28,1.904,-0.217485037833189
28,1.907,-0.219352652391786
28,1.91,-0.221247913871275
28,1.913,-0.223171404561163
28,1.916,-0.22512372307473
28,1.919,-0.227105484902878
28,1.922,-0.229117322989621
28,1.925,-0.231159888330211
28,1.928,-0.233233850592897
28,1.931,-0.235339898765407
28,1.934,-0.237478741827265
28,1.937,-0.239651109449136
28,1.94,-0.241857752720427
28,1.943,-0.244099444906504
28,1.946,-0.246376982236809
28,1.949,-0.248691184725422
28,1.952,-0.251042897025551
28,1.955,-0.253432989319533
28,1.958,-0.255862358246091
28,1.961,-0.258331927866588
28,1.964,-0.260842650672162
28,1.967,-0.263395508633743
28,1.97,-0.265991514297028
28,1.973,-0.268631711924589
28,1.976,-0.271317178687471
28,1.979,-0.27404902590875
28,1.982,-0.276828400361547
28,1.985,-0.27965648562434
28,1.988,-0.282534503496409
28,1.991,-0.285463715476422
28,1.994,-0.28844542430749
28,1.997,-0.291480975591988
28,2,-0.294571759479808
28,2.003,-0.297719212433869
28,2.006,-0.300924819076852
28,2.009,-0.304190114123505
28,2.012,-0.307516684402994
28,2.015,-0.310906170976126
28,2.018,-0.314360271352473
28,2.021,-0.317880741812852
28,2.024,-0.321469399842804
28,2.027,-0.325128126683167
28,2.03,-0.328858870004157
28,2.033,-0.332663646709774
28,2.036,-0.336544545879816
28,2.039,-0.340503731857119
28,2.042,-0.344543447488318
28,2.045,-0.3486660175267
28,2.048,-0.352873852206513
28,2.051,-0.357169450998496
28,2.054,-0.361555406557138
28,2.057,-0.366034408870814
28,2.06,-0.370609249626684
28,2.063,-0.375282826803006
28,2.066,-0.380058149502369
28,2.069,-0.384938343040247
28,2.072,-0.389926654304203
28,2.075,-0.395026457400192
28,2.078,-0.400241259603407
28,2.081,-0.405574707632413
28,2.084,-0.411030594266539
28,2.087,-0.416612865327898
28,2.09,-0.422325627050903
28,2.093,-0.428173153863728
28,2.096,-0.434159896607923
28,2.099,-0.440290491224215
28,2.102,-0.446569767934587
28,2.105,-0.453002760952844
28,2.108,-0.459594718758232
28,2.111,-0.466351114969239
28,2.114,-0.473277659857385
28,2.117,-0.48038031254379
28,2.12,-0.487665293924521
28,2.123,-0.495139100374122
28,2.126,-0.50280851828056
28,2.129,-0.510680639468775
28,2.132,-0.518762877574545
28,2.135,-0.527062985434994
28,2.138,-0.535589073567441
28,2.141,-0.544349629813723
28,2.144,-0.553353540233341
28,2.147,-0.562610111335413
28,2.15,-0.572129093746642
28,2.153,-0.581920707420258
28,2.156,-0.591995668499692
28,2.159,-0.602365217959778
28,2.162,-0.613041152158672
28,2.165,-0.624035855444707
28,2.168,-0.635362334974383
28,2.171,-0.647034257911158
28,2.174,-0.659065991188902
28,2.177,-0.671472644039903
28,2.18,-0.684270113504379
28,2.183,-0.697475133157641
28,2.186,-0.711105325311513
28,2.189,-0.725179256969617
28,2.192,-0.739716499840856
28,2.195,-0.754737694743016
28,2.198,-0.77026462075824
28,2.201,-0.786320269535506
28,2.204,-0.802928925171317
28,2.207,-0.82011625014001
28,2.21,-0.837909377789206
28,2.213,-0.856337011964425
28,2.216,-0.875429534380634
28,2.219,-0.895219120417636
28,2.222,-0.91573986408164
28,2.225,-0.937027912947708
28,2.228,-0.959121613977714
28,2.231,-0.982061671197204
28,2.234,-1.00589131631268
28,2.237,-1.03065649345993
28,2.24,-1.05640605939479
28,2.243,-1.0831920005727
28,2.246,-1.11106966871235
28,2.249,-1.14009803660613
28,2.252,-1.17033997612506
28,2.255,-1.20186256057394
28,2.258,-1.23473739378348
28,2.261,-1.26904096858584
28,2.264,-1.30485505761015
28,2.267,-1.34226713966052
28,2.27,-1.38137086530493
28,2.273,-1.42226656571601
28,2.276,-1.4650618092689
28,2.279,-1.50987201092689
28,2.282,-1.55682110004024
28,2.285,-1.60604225285824
28,2.288,-1.65767869682318
28,2.291,-1.71188459459135
28,2.294,-1.76882601672997
28,2.297,-1.82868201319168
28,2.3,-1.89164579499812
28,2.303,-1.95792603910252
28,2.306,-2.02774833119131
28,2.309,-2.10135676327563
28,2.312,-2.17901570537954
28,2.315,-2.26101177353204
28,2.318,-2.34765601971571
28,2.321,-2.43928637354405
28,2.324,-2.53627037039646
28,2.327,-2.63900820674702
28,2.33,-2.74793617075413
28,2.333,-2.86353050519263
28,2.336,-2.98631177097832
28,2.339,-3.11684979347987
28,2.342,-3.25576929136243
28,2.345,-3.40375630997036
28,2.348,-3.56156560972798
28,2.351,-3.730029196749
28,2.354,-3.9100662305783
28,2.357,-4.10269460658501
28,2.36,-4.30904459333717
28,2.363,-4.53037501585077
28,2.366,-4.76809262465294
28,2.369,-5.02377549358648
28,2.372,-5.2992015687989
28,2.375,-5.59638388086698
28,2.378,-5.91761448193106
28,2.381,-6.26551995737104
28,2.384,-6.64313250786769
28,2.387,-7.05398229590297
28,2.39,-7.50221931711129
28,2.393,-7.99277702280539
28,2.396,-8.53159620495597
28,2.399,-9.12593790299321
28,2.402,-9.7848313535962
28,2.405,-10.5197331839801
28,2.408,-11.3455291391049
28,2.411,-12.2821154096741
28,2.414,-13.3570123033742
28,2.417,-14.6099359197768
28,2.42,-16.1013880420083
28,2.423,-17.9303761017042
28,2.426,-20.2759175904512
28,2.429,-23.5136580921796
28,2.432,-28.6441401150696
28,2.435,-37.9389552541593
28,2.438,-30.7091144997117
28,2.441,-24.6550714733158
28,2.444,-21.0495855456503
28,2.447,-18.5121442119736
28,2.45,-16.5657544682525
28,2.453,-14.9950638866763
28,2.456,-13.6850093390599
28,2.459,-12.5669333531616
28,2.462,-11.5965473671163
28,2.465,-10.7435719684948
28,2.468,-9.98634843451645
28,2.471,-9.30881256123298
28,2.474,-8.69868969093711
28,2.477,-8.14636458089147
28,2.48,-7.64414492423762
28,2.483,-7.18576500698265
28,2.486,-6.76604146576868
28,2.489,-6.38062851970752
28,2.492,-6.02584007793308
28,2.495,-5.69851790081294
28,2.498,-5.39593215422234
28,2.501,-5.11570518184791
28,2.504,-4.8557522041097
28,2.507,-4.61423454933374
28,2.51,-4.38952229668865
28,2.513,-4.1801640816428
28,2.516,-3.98486242043467
28,2.519,-3.80245333746816
28,2.522,-3.63188938520439
28,2.525,-3.47222536739923
28,2.528,-3.32260623852927
28,2.531,-3.18225677209
28,2.534,-3.05047267997502
28,2.537,-2.92661293264671
28,2.54,-2.81009308115976
28,2.543,-2.70037942150022
28,2.546,-2.59698387218946
28,2.549,-2.49945945988777
28,2.552,-2.40739632643896
28,2.555,-2.3204181856295
28,2.558,-2.23817916978855
28,2.561,-2.1603610159015
28,2.564,-2.08667054865764
28,2.567,-2.01683742418753
28,2.57,-1.95061210346388
28,2.573,-1.88776402866725
28,2.576,-1.82807997943207
28,2.579,-1.77136258892509
28,2.582,-1.71742900227578
28,2.585,-1.66610966206109
28,2.588,-1.61724720741279
28,2.591,-1.57069547491777
28,2.594,-1.52631859086475
28,2.597,-1.48399014558824
28,2.6,-1.44359244170284
28,2.603,-1.40501580892989
28,2.606,-1.36815797901476
28,2.609,-1.33292351493212
28,2.612,-1.29922328919164
28,2.615,-1.26697400660037
28,2.618,-1.23609776731783
28,2.621,-1.20652166646624
28,2.624,-1.17817742693606
28,2.627,-1.15100106236367
28,2.63,-1.12493256755759
28,2.633,-1.09991563391707
28,2.636,-1.07589738762571
28,2.639,-1.05282814861672
28,2.642,-1.03066120849768
28,2.645,-1.00935262579465
28,2.648,-0.988861037029065
28,2.651,-0.969147482280203
28,2.654,-0.950175244009757
28,2.657,-0.931909698037852
28,2.66,-0.914318175660623
28,2.663,-0.89736983599086
28,2.666,-0.881035547685374
28,2.669,-0.865287779297344
28,2.672,-0.850100497558966
28,2.675,-0.835449072960766
28,2.678,-0.821310192048907
28,2.681,-0.807661775911949
28,2.684,-0.794482904373729
28,2.687,-0.781753745450161
28,2.69,-0.769455489665184
28,2.693,-0.757570288855003
28,2.696,-0.74608119912063
28,2.699,-0.734972127616891
28,2.702,-0.724227782891665
28,2.705,-0.713833628512387
28,2.708,-0.70377583973826
28,2.711,-0.694041263015901
28,2.714,-0.684617378093985
28,2.717,-0.675492262568582
28,2.72,-0.666654558685786
28,2.723,-0.658093442241694
28,2.726,-0.649798593432265
28,2.729,-0.641760169516948
28,2.732,-0.633968779170341
28,2.735,-0.62641545840581
28,2.738,-0.619091647963618
28,2.741,-0.611989172064251
28,2.744,-0.605100218435062
28,2.747,-0.598417319525053
28,2.75,-0.591933334828907
28,2.753,-0.585641434247218
28,2.756,-0.579535082415026
28,2.759,-0.573608023935761
28,2.762,-0.567854269462115
28,2.765,-0.562268082569638
28,2.768,-0.556843967372472
28,2.771,-0.551576656834431
28,2.774,-0.546461101731705
28,2.777,-0.541492460226548
28,2.78,-0.53666608801414
28,2.783,-0.531977529007378
28,2.786,-0.527422506526656
28,2.789,-0.522996914964084
28,2.792,-0.518696811893457
28,2.795,-0.514518410599338
28,2.798,-0.510458073000292
28,2.801,-0.506512302942994
28,2.804,-0.502677739845441
28,2.807,-0.498951152668861
28,2.81,-0.49532943419935
28,2.813,-0.491809595621327
28,2.816,-0.488388761366175
28,2.819,-0.485064164220381
28,2.822,-0.481833140678552
28,2.825,-0.478693126527561
28,2.828,-0.475641652648922
28,2.831,-0.472676341027299
28,2.834,-0.469794900953846
28,2.837,-0.466995125413643
28,2.84,-0.464274887647286
28,2.843,-0.461632137877173
28,2.846,-0.459064900189673
28,2.849,-0.45657126956483
28,2.852,-0.454149409045797
28,2.855,-0.451797547040625
28,2.858,-0.449513974749458
28,2.861,-0.447297043710634
28,2.864,-0.44514516345947
28,2.867,-0.443056799294038
28,2.87,-0.441030470142328
28,2.873,-0.439064746525753
28,2.876,-0.437158248614067
28,2.879,-0.435309644367096
28,2.882,-0.433517647758983
28,2.885,-0.431781017080812
28,2.888,-0.43009855331777
28,2.891,-0.428469098597139
28,2.894,-0.426891534703732
28,2.897,-0.425364781659428
28,2.9,-0.42388779636374
28,2.903,-0.422459571292528
28,2.906,-0.421079133251991
28,2.909,-0.419745542185408
28,2.912,-0.41845789003008
28,2.915,-0.417215299622133
28,2.918,-0.416016923646981
28,2.921,-0.414861943633262
28,2.924,-0.413749568988316
28,2.927,-0.41267903607323
28,2.93,-0.411649607315709
28,2.933,-0.41066057035902
28,2.936,-0.409711237245363
28,2.939,-0.408800943632185
28,2.942,-0.407929048039883
28,2.945,-0.407094931129597
28,2.948,-0.406297995009683
28,2.951,-0.405537662569624
28,2.954,-0.404813376840249
28,2.957,-0.404124600379005
28,2.96,-0.403470814679283
28,2.963,-0.402851519602734
28,2.966,-0.402266232833593
28,2.969,-0.401714489354065
28,2.972,-0.401195840939923
28,2.975,-0.400709855675389
28,2.978,-0.400256117486582
28,2.981,-0.399834225692692
28,2.984,-0.399443794574179
28,2.987,-0.399084452957268
28,2.99,-0.398755843814119
28,2.993,-0.398457623877975
28,2.996,-0.398189463272699
28,2.999,-0.397951045156178
28,3.002,-0.397742065376922
28,3.005,-0.397562232143429
28,3.008,-0.397411265705785
28,3.011,-0.397288898048946
28,3.014,-0.397194872597392
28,3.017,-0.397128943930507
28,3.02,-0.397090877508478
28,3.023,-0.397080449408117
28,3.026,-0.397097446068358
28,3.029,-0.397141664045008
28,3.032,-0.397212909774362
28,3.035,-0.397310999345413
28,3.038,-0.397435758280298
28,3.041,-0.39758702132266
28,3.044,-0.397764632233645
28,3.047,-0.397968443595255
28,3.05,-0.398198316620766
