"dI [mm]","wF [mm]","Freq [GHz]","dB(S(1,1)) []"
7.5,1.5,1.85,-0.20803955306709
7.5,1.5,1.853,-0.209963799838008
7.5,1.5,1.856,-0.211916985950392
7.5,1.5,1.859,-0.213899769060722
7.5,1.5,1.862,-0.215912825638556
7.5,1.5,1.865,-0.217956851632778
7.5,1.5,1.868,-0.220032563164987
7.5,1.5,1.871,-0.222140697251271
7.5,1.5,1.874,-0.224282012553697
7.5,1.5,1.877,-0.226457290162944
7.5,1.5,1.88,-0.228667334413545
7.5,1.5,1.883,-0.230912973733267
7.5,1.5,1.886,-0.233195061528339
7.5,1.5,1.889,-0.235514477106178
7.5,1.5,1.892,-0.237872126637513
7.5,1.5,1.895,-0.240268944159772
7.5,1.5,1.898,-0.242705892623792
7.5,1.5,1.901,-0.245183964985987
7.5,1.5,1.904,-0.247704185348233
7.5,1.5,1.907,-0.250267610147863
7.5,1.5,1.91,-0.252875329400297
7.5,1.5,1.913,-0.255528467996942
7.5,1.5,1.916,-0.258228187061231
7.5,1.5,1.919,-0.260975685365721
7.5,1.5,1.922,-0.263772200813449
7.5,1.5,1.925,-0.266619011986838
7.5,1.5,1.928,-0.269517439767701
7.5,1.5,1.931,-0.272468849032067
7.5,1.5,1.934,-0.275474650423781
7.5,1.5,1.937,-0.278536302211079
7.5,1.5,1.94,-0.281655312230536
7.5,1.5,1.943,-0.28483323992315
7.5,1.5,1.946,-0.288071698467477
7.5,1.5,1.949,-0.291372357015191
7.5,1.5,1.952,-0.294736943034598
7.5,1.5,1.955,-0.29816724476814
7.5,1.5,1.958,-0.301665113810162
7.5,1.5,1.961,-0.30523246781171
7.5,1.5,1.964,-0.30887129331948
7.5,1.5,1.967,-0.312583648756522
7.5,1.5,1.97,-0.316371667552803
7.5,1.5,1.973,-0.320237561434183
7.5,1.5,1.976,-0.324183623879018
7.5,1.5,1.979,-0.328212233752095
7.5,1.5,1.982,-0.332325859126268
7.5,1.5,1.985,-0.336527061302941
7.5,1.5,1.988,-0.340818499043081
7.5,1.5,1.991,-0.34520293302145
7.5,1.5,1.994,-0.349683230517427
7.5,1.5,1.997,-0.354262370356754
7.5,1.5,2,-0.358943448119525
7.5,1.5,2.003,-0.363729681630805
7.5,1.5,2.006,-0.368624416751277
7.5,1.5,2.009,-0.373631133486697
7.5,1.5,2.012,-0.378753452436109
7.5,1.5,2.015,-0.38399514160023
7.5,1.5,2.018,-0.389360123572944
7.5,1.5,2.021,-0.394852483140433
7.5,1.5,2.024,-0.400476475314289
7.5,1.5,2.027,-0.406236533826834
7.5,1.5,2.03,-0.41213728011888
7.5,1.5,2.033,-0.41818353285248
7.5,1.5,2.036,-0.42438031798357
7.5,1.5,2.039,-0.430732879431931
7.5,1.5,2.042,-0.437246690388894
7.5,1.5,2.045,-0.443927465306034
7.5,1.5,2.048,-0.450781172611559
7.5,1.5,2.051,-0.457814048204642
7.5,1.5,2.054,-0.465032609781708
7.5,1.5,2.057,-0.472443672053119
7.5,1.5,2.06,-0.480054362912999
7.5,1.5,2.063,-0.487872140630151
7.5,1.5,2.066,-0.495904812133244
7.5,1.5,2.069,-0.504160552469404
7.5,1.5,2.072,-0.512647925521693
7.5,1.5,2.075,-0.521375906077923
7.5,1.5,2.078,-0.530353903350864
7.5,1.5,2.081,-0.539591786058121
7.5,1.5,2.084,-0.549099909178978
7.5,1.5,2.087,-0.558889142515392
7.5,1.5,2.09,-0.568970901195057
7.5,1.5,2.093,-0.579357178266126
7.5,1.5,2.096,-0.5900605795462
7.5,1.5,2.099,-0.601094360902107
7.5,1.5,2.102,-0.612472468152466
7.5,1.5,2.105,-0.624209579801913
7.5,1.5,2.108,-0.636321152834423
7.5,1.5,2.111,-0.648823471813377
7.5,1.5,2.114,-0.661733701558411
7.5,1.5,2.117,-0.675069943693646
7.5,1.5,2.12,-0.688851297388757
7.5,1.5,2.123,-0.703097924644029
7.5,1.5,2.126,-0.717831120503388
7.5,1.5,2.129,-0.733073388615093
7.5,1.5,2.132,-0.748848522599818
7.5,1.5,2.135,-0.765181693729404
7.5,1.5,2.138,-0.782099545468205
7.5,1.5,2.141,-0.799630295482203
7.5,1.5,2.144,-0.817803845780511
7.5,1.5,2.147,-0.836651901719165
7.5,1.5,2.15,-0.856208100669893
7.5,1.5,2.153,-0.876508151236876
7.5,1.5,2.156,-0.897589983993979
7.5,1.5,2.159,-0.919493914814034
7.5,1.5,2.162,-0.942262821972115
7.5,1.5,2.165,-0.965942338327465
7.5,1.5,2.168,-0.990581060025362
7.5,1.5,2.171,-1.01623077331263
7.5,1.5,2.174,-1.04294670123048
7.5,1.5,2.177,-1.07078777213818
7.5,1.5,2.18,-1.09981691223371
7.5,1.5,2.183,-1.13010136447472
7.5,1.5,2.186,-1.16171303657004
7.5,1.5,2.189,-1.19472888101067
7.5,1.5,2.192,-1.22923131044492
7.5,1.5,2.195,-1.26530865208061
7.5,1.5,2.198,-1.30305564522276
7.5,1.5,2.201,-1.34257398653588
7.5,1.5,2.204,-1.38397292816329
7.5,1.5,2.207,-1.42736993445145
7.5,1.5,2.21,-1.4728914037253
7.5,1.5,2.213,-1.52067346235552
7.5,1.5,2.216,-1.57086283926427
7.5,1.5,2.219,-1.62361783005146
7.5,1.5,2.222,-1.67910936111119
7.5,1.5,2.225,-1.7375221654737
7.5,1.5,2.228,-1.79905608368475
7.5,1.5,2.231,-1.86392750486119
7.5,1.5,2.234,-1.93237096518767
7.5,1.5,2.237,-2.00464092360454
7.5,1.5,2.24,-2.08101373735813
7.5,1.5,2.243,-2.16178986353474
7.5,1.5,2.246,-2.24729631680154
7.5,1.5,2.249,-2.3378894184826
7.5,1.5,2.252,-2.43395787800633
7.5,1.5,2.255,-2.53592625492548
7.5,1.5,2.258,-2.64425885846779
7.5,1.5,2.261,-2.7594641523608
7.5,1.5,2.264,-2.88209974606785
7.5,1.5,2.267,-3.01277807034353
7.5,1.5,2.27,-3.15217285619762
7.5,1.5,2.273,-3.30102656334077
7.5,1.5,2.276,-3.460158938866
7.5,1.5,2.279,-3.63047693189483
7.5,1.5,2.282,-3.81298624877148
7.5,1.5,2.285,-4.0088049111251
7.5,1.5,2.288,-4.2191792827746
7.5,1.5,2.291,-4.44550317103652
7.5,1.5,2.294,-4.68934079791307
7.5,1.5,2.297,-4.95245469787084
7.5,1.5,2.3,-5.23683996247968
7.5,1.5,2.303,-5.54476676459432
7.5,1.5,2.306,-5.87883382706057
7.5,1.5,2.309,-6.24203656360005
7.5,1.5,2.312,-6.63785518806568
7.5,1.5,2.315,-7.07037044786817
7.5,1.5,2.318,-7.54441826353024
7.5,1.5,2.321,-8.06580026438114
7.5,1.5,2.324,-8.64157644326141
7.5,1.5,2.327,-9.28048155594025
7.5,1.5,2.33,-9.99353351029048
7.5,1.5,2.333,-10.7949499017549
7.5,1.5,2.336,-11.7035792517542
7.5,1.5,2.339,-12.7452337811985
7.5,1.5,2.342,-13.9566944817589
7.5,1.5,2.345,-15.3930441558474
7.5,1.5,2.348,-17.142229004229
7.5,1.5,2.351,-19.3571393299058
7.5,1.5,2.354,-22.3360344515861
7.5,1.5,2.357,-26.7437210543239
7.5,1.5,2.36,-33.2386020203474
7.5,1.5,2.363,-30.2897129028047
7.5,1.5,2.366,-24.5659917250916
7.5,1.5,2.369,-20.9046562197366
7.5,1.5,2.372,-18.3115002611226
7.5,1.5,2.375,-16.3247556097639
7.5,1.5,2.378,-14.7254609428291
7.5,1.5,2.381,-13.3950702458649
7.5,1.5,2.384,-12.2625829829452
7.5,1.5,2.387,-11.2821697195505
7.5,1.5,2.39,-10.4225098359059
7.5,1.5,2.393,-9.6612143741641
7.5,1.5,2.396,-8.98168744665326
7.5,1.5,2.399,-8.37125366727884
7.5,1.5,2.402,-7.81998643072065
7.5,1.5,2.405,-7.31994516516148
7.5,1.5,2.408,-6.86466195264856
7.5,1.5,2.411,-6.44878594256961
7.5,1.5,2.414,-6.06783082610615
7.5,1.5,2.417,-5.71799149203211
7.5,1.5,2.42,-5.39600824592562
7.5,1.5,2.423,-5.0990644290345
7.5,1.5,2.426,-4.82470793888696
7.5,1.5,2.429,-4.57079015044515
7.5,1.5,2.432,-4.33541770563841
7.5,1.5,2.435,-4.11691395937102
7.5,1.5,2.438,-3.91378777147107
7.5,1.5,2.441,-3.72470795947455
7.5,1.5,2.444,-3.54848216747545
7.5,1.5,2.447,-3.38403922042722
7.5,1.5,2.45,-3.23041426015225
7.5,1.5,2.453,-3.08673612500847
7.5,1.5,2.456,-2.95221655745797
7.5,1.5,2.459,-2.8261409149562
7.5,1.5,2.462,-2.70786012821096
7.5,1.5,2.465,-2.5967837030052
7.5,1.5,2.468,-2.49237360176284
7.5,1.5,2.471,-2.39413887197361
7.5,1.5,2.474,-2.30163091274416
7.5,1.5,2.477,-2.21443928976296
7.5,1.5,2.48,-2.1321880240771
7.5,1.5,2.483,-2.05453229218494
7.5,1.5,2.486,-1.98115548473179
7.5,1.5,2.489,-1.9117665790626
7.5,1.5,2.492,-1.84609778742757
7.5,1.5,2.495,-1.78390244804638
7.5,1.5,2.498,-1.72495313074435
7.5,1.5,2.501,-1.66903993265278
7.5,1.5,2.504,-1.61596894265575
7.5,1.5,2.507,-1.56556085597284
7.5,1.5,2.51,-1.51764972257743
7.5,1.5,2.513,-1.47208181513145
7.5,1.5,2.516,-1.42871460382466
7.5,1.5,2.519,-1.38741582698217
7.5,1.5,2.522,-1.34806264758619
7.5,1.5,2.525,-1.31054088697469
7.5,1.5,2.528,-1.27474432795479
7.5,1.5,2.531,-1.24057408042458
7.5,1.5,2.534,-1.20793800334757
7.5,1.5,2.537,-1.17675017758568
7.5,1.5,2.54,-1.14693042468031
7.5,1.5,2.543,-1.11840386718686
7.5,1.5,2.546,-1.0911005266252
7.5,1.5,2.549,-1.06495495551373
7.5,1.5,2.552,-1.03990590031529
7.5,1.5,2.555,-1.01589599244292
7.5,1.5,2.558,-0.992871464759708
7.5,1.5,2.561,-0.970781891260959
7.5,1.5,2.564,-0.949579947854688
7.5,1.5,2.567,-0.929221192359596
7.5,1.5,2.57,-0.90966386202174
7.5,1.5,2.573,-0.890868687013971
7.5,1.5,2.576,-0.872798718528504
7.5,1.5,2.579,-0.85541917020423
7.5,1.5,2.582,-0.838697271748164
7.5,1.5,2.585,-0.822602133716571
7.5,1.5,2.588,-0.807104622516535
7.5,1.5,2.591,-0.79217724477501
7.5,1.5,2.594,-0.777794040299484
7.5,1.5,2.597,-0.763930482924605
7.5,1.5,2.6,-0.750563388602188
7.5,1.5,2.603,-0.737670830148896
7.5,1.5,2.606,-0.725232058117774
7.5,1.5,2.609,-0.713227427306261
7.5,1.5,2.612,-0.701638328455745
7.5,1.5,2.615,-0.690447124736039
7.5,1.5,2.618,-0.679637092642891
7.5,1.5,2.621,-0.669192366968264
7.5,1.5,2.624,-0.659097889531738
7.5,1.5,2.627,-0.649339361387569
7.5,1.5,2.63,-0.639903198245442
7.5,1.5,2.633,-0.630776488864789
7.5,1.5,2.636,-0.621946956202044
7.5,1.5,2.639,-0.61340292110811
7.5,1.5,2.642,-0.605133268389807
7.5,1.5,2.645,-0.597127415063847
7.5,1.5,2.648,-0.589375280645555
7.5,1.5,2.651,-0.581867259327043
7.5,1.5,2.654,-0.574594193910882
7.5,1.5,2.657,-0.56754735137577
7.5,1.5,2.66,-0.56071839996019
7.5,1.5,2.663,-0.554099387658913
7.5,1.5,2.666,-0.547682722035016
7.5,1.5,2.669,-0.541461151257669
7.5,1.5,2.672,-0.535427746282469
7.5,1.5,2.675,-0.52957588409753
7.5,1.5,2.678,-0.523899231963979
7.5,1.5,2.681,-0.518391732585
7.5,1.5,2.684,-0.51304759014217
7.5,1.5,2.687,-0.507861257142445
7.5,1.5,2.69,-0.502827422023071
7.5,1.5,2.693,-0.497940997465643
7.5,1.5,2.696,-0.493197109373847
7.5,1.5,2.699,-0.488591086472703
7.5,1.5,2.702,-0.484118450490105
7.5,1.5,2.705,-0.479774906884132
7.5,1.5,2.708,-0.475556336082127
7.5,1.5,2.711,-0.471458785199966
7.5,1.5,2.714,-0.467478460211964
7.5,1.5,2.717,-0.463611718543991
7.5,1.5,2.72,-0.459855062064103
7.5,1.5,2.723,-0.456205130446852
7.5,1.5,2.726,-0.452658694888862
7.5,1.5,2.729,-0.449212652154875
7.5,1.5,2.732,-0.445864018934766
7.5,1.5,2.735,-0.442609926493309
7.5,1.5,2.738,-0.439447615595671
7.5,1.5,2.741,-0.436374431692664
7.5,1.5,2.744,-0.433387820350898
7.5,1.5,2.747,-0.4304853229138
7.5,1.5,2.75,-0.427664572380457
7.5,1.5,2.753,-0.424923289489993
7.5,1.5,2.756,-0.422259278999985
7.5,1.5,2.759,-0.419670426148135
7.5,1.5,2.762,-0.417154693287073
7.5,1.5,2.765,-0.414710116682778
7.5,1.5,2.768,-0.412334803467694
7.5,1.5,2.771,-0.410026928740181
7.5,1.5,2.774,-0.407784732802378
7.5,1.5,2.777,-0.405606518529076
7.5,1.5,2.78,-0.403490648860682
7.5,1.5,2.783,-0.401435544413635
7.5,1.5,2.786,-0.399439681202159
7.5,1.5,2.789,-0.397501588465514
7.5,1.5,2.792,-0.395619846595279
7.5,1.5,2.795,-0.393793085157476
7.5,1.5,2.798,-0.392019981004741
7.5,1.5,2.801,-0.390299256473866
7.5,1.5,2.804,-0.388629677664431
7.5,1.5,2.807,-0.387010052794458
7.5,1.5,2.81,-0.385439230629185
7.5,1.5,2.813,-0.383916098979357
7.5,1.5,2.816,-0.382439583265567
7.5,1.5,2.819,-0.381008645145439
7.5,1.5,2.822,-0.379622281200515
7.5,1.5,2.825,-0.378279521680015
7.5,1.5,2.828,-0.376979429298653
7.5,1.5,2.831,-0.375721098085976
7.5,1.5,2.834,-0.374503652284709
7.5,1.5,2.837,-0.373326245295819
7.5,1.5,2.84,-0.372188058668045
7.5,1.5,2.843,-0.371088301129874
7.5,1.5,2.846,-0.370026207661891
7.5,1.5,2.849,-0.369001038607733
7.5,1.5,2.852,-0.368012078821748
7.5,1.5,2.855,-0.367058636851798
7.5,1.5,2.858,-0.366140044155477
7.5,1.5,2.861,-0.365255654348336
7.5,1.5,2.864,-0.364404842482592
7.5,1.5,2.867,-0.363587004355002
7.5,1.5,2.87,-0.362801555842558
7.5,1.5,2.873,-0.362047932264813
7.5,1.5,2.876,-0.361325587771623
7.5,1.5,2.879,-0.360633994755217
7.5,1.5,2.882,-0.35997264328551
7.5,1.5,2.885,-0.359341040567673
7.5,1.5,2.888,-0.358738710420969
7.5,1.5,2.891,-0.358165192777973
7.5,1.5,2.894,-0.357620043203307
7.5,1.5,2.897,-0.357102832430993
7.5,1.5,2.9,-0.356613145919755
7.5,1.5,2.903,-0.356150583425408
7.5,1.5,2.906,-0.355714758589673
7.5,1.5,2.909,-0.355305298544739
7.5,1.5,2.912,-0.354921843532889
7.5,1.5,2.915,-0.354564046540606
7.5,1.5,2.918,-0.354231572946533
7.5,1.5,2.921,-0.353924100182769
7.5,1.5,2.924,-0.353641317408906
7.5,1.5,2.927,-0.353382925198335
7.5,1.5,2.93,-0.353148635236335
7.5,1.5,2.933,-0.352938170029432
7.5,1.5,2.936,-0.352751262625634
7.5,1.5,2.939,-0.352587656345071
7.5,1.5,2.942,-0.352447104520686
7.5,1.5,2.945,-0.352329370248498
7.5,1.5,2.948,-0.352234226147204
7.5,1.5,2.951,-0.352161454126584
7.5,1.5,2.954,-0.352110845164551
7.5,1.5,2.957,-0.352082199092378
7.5,1.5,2.96,-0.352075324387881
7.5,1.5,2.963,-0.352090037976217
7.5,1.5,2.966,-0.352126165037999
7.5,1.5,2.969,-0.352183538824534
7.5,1.5,2.972,-0.352262000479814
7.5,1.5,2.975,-0.352361398869072
7.5,1.5,2.978,-0.352481590413683
7.5,1.5,2.981,-0.352622438932136
7.5,1.5,2.984,-0.352783815486852
7.5,1.5,2.987,-0.352965598236697
7.5,1.5,2.99,-0.353167672294923
7.5,1.5,2.993,-0.353389929592376
7.5,1.5,2.996,-0.353632268745801
7.5,1.5,2.999,-0.353894594931004
7.5,1.5,3.002,-0.354176819760781
7.5,1.5,3.005,-0.354478861167388
7.5,1.5,3.008,-0.354800643289433
7.5,1.5,3.011,-0.355142096363012
7.5,1.5,3.014,-0.355503156616964
7.5,1.5,3.017,-0.355883766172093
7.5,1.5,3.02,-0.356283872944239
7.5,1.5,3.023,-0.356703430551058
7.5,1.5,3.026,-0.357142398222373
7.5,1.5,3.029,-0.357600740714037
7.5,1.5,3.032,-0.358078428225106
7.5,1.5,3.035,-0.358575436318291
7.5,1.5,3.038,-0.359091745843547
7.5,1.5,3.041,-0.359627342864694
7.5,1.5,3.044,-0.360182218589016
7.5,1.5,3.047,-0.360756369299652
7.5,1.5,3.05,-0.361349796290838
7.5,2,1.85,-0.245349519053979
7.5,2,1.853,-0.247659541214281
7.5,2,1.856,-0.250002917000902
7.5,2,1.859,-0.252380374896966
7.5,2,1.862,-0.254792663260034
7.5,2,1.865,-0.257240550998694
7.5,2,1.868,-0.259724828275464
7.5,2,1.871,-0.262246307237219
7.5,2,1.874,-0.264805822774346
7.5,2,1.877,-0.267404233309932
7.5,2,1.88,-0.270042421620354
7.5,2,1.883,-0.272721295688684
7.5,2,1.886,-0.27544178959242
7.5,2,1.889,-0.278204864427123
7.5,2,1.892,-0.281011509267621
7.5,2,1.895,-0.283862742168523
7.5,2,1.898,-0.286759611205884
7.5,2,1.901,-0.289703195561952
7.5,2,1.904,-0.292694606655048
7.5,2,1.907,-0.295734989316701
7.5,2,1.91,-0.298825523018314
7.5,2,1.913,-0.301967423149741
7.5,2,1.916,-0.305161942352271
7.5,2,1.919,-0.308410371908682
7.5,2,1.922,-0.311714043193131
7.5,2,1.925,-0.315074329183846
7.5,2,1.928,-0.318492646041706
7.5,2,1.931,-0.321970454757976
7.5,2,1.934,-0.325509262874717
7.5,2,1.937,-0.329110626281412
7.5,2,1.94,-0.332776151091767
7.5,2,1.943,-0.336507495604732
7.5,2,1.946,-0.340306372354006
7.5,2,1.949,-0.344174550250672
7.5,2,1.952,-0.348113856823672
7.5,2,1.955,-0.352126180563326
7.5,2,1.958,-0.356213473373205
7.5,2,1.961,-0.360377753136125
7.5,2,1.964,-0.364621106400274
7.5,2,1.967,-0.368945691191916
7.5,2,1.97,-0.373353739961425
7.5,2,1.973,-0.377847562669858
7.5,2,1.976,-0.382429550023738
7.5,2,1.979,-0.38710217686607
7.5,2,1.982,-0.391868005732252
7.5,2,1.985,-0.396729690579955
7.5,2,1.988,-0.401689980702691
7.5,2,1.991,-0.406751724837307
7.5,2,1.994,-0.411917875476406
7.5,2,1.997,-0.417191493397243
7.5,2,2,-0.422575752419505
7.5,2,2.003,-0.428073944405101
7.5,2,2.006,-0.43368948451393
7.5,2,2.009,-0.439425916730574
7.5,2,2.012,-0.445286919677708
7.5,2,2.015,-0.451276312733183
7.5,2,2.018,-0.457398062468743
7.5,2,2.021,-0.463656289429605
7.5,2,2.024,-0.470055275275391
7.5,2,2.027,-0.476599470304204
7.5,2,2.03,-0.483293501383271
7.5,2,2.033,-0.490142180310973
7.5,2,2.036,-0.497150512636939
7.5,2,2.039,-0.504323706968587
7.5,2,2.042,-0.511667184794601
7.5,2,2.045,-0.519186590857807
7.5,2,2.048,-0.526887804112291
7.5,2,2.051,-0.534776949302
7.5,2,2.054,-0.542860409200806
7.5,2,2.057,-0.551144837556702
7.5,2,2.06,-0.559637172786056
7.5,2,2.063,-0.568344652467053
7.5,2,2.066,-0.57727482868508
7.5,2,2.069,-0.586435584286666
7.5,2,2.072,-0.595835150102787
7.5,2,2.075,-0.605482123206869
7.5,2,2.078,-0.615385486277663
7.5,2,2.081,-0.625554628142538
7.5,2,2.084,-0.63599936558239
7.5,2,2.087,-0.646729966485604
7.5,2,2.09,-0.657757174445201
7.5,2,2.093,-0.669092234900641
7.5,2,2.096,-0.68074692293357
7.5,2,2.099,-0.692733572835434
7.5,2,2.102,-0.705065109574185
7.5,2,2.105,-0.717755082297369
7.5,2,2.108,-0.730817700019903
7.5,2,2.111,-0.744267869656856
7.5,2,2.114,-0.758121236574367
7.5,2,2.117,-0.77239422784618
7.5,2,2.12,-0.787104098418531
7.5,2,2.123,-0.802268980402946
7.5,2,2.126,-0.817907935734848
7.5,2,2.129,-0.834041012455704
7.5,2,2.132,-0.850689304898288
7.5,2,2.135,-0.867875018078435
7.5,2,2.138,-0.885621536622492
7.5,2,2.141,-0.903953498588146
7.5,2,2.144,-0.922896874567334
7.5,2,2.147,-0.942479052493771
7.5,2,2.15,-0.962728928614997
7.5,2,2.153,-0.983677005129329
7.5,2,2.156,-1.00535549503288
7.5,2,2.159,-1.02779843477074
7.5,2,2.162,-1.05104180533995
7.5,2,2.165,-1.07512366255106
7.5,2,2.168,-1.10008427721983
7.5,2,2.171,-1.12596628613163
7.5,2,2.174,-1.15281485469979
7.5,2,2.177,-1.18067785232517
7.5,2,2.18,-1.20960604155948
7.5,2,2.183,-1.23965328227952
7.5,2,2.186,-1.27087675219537
7.5,2,2.189,-1.3033371851431
7.5,2,2.192,-1.33709912875403
7.5,2,2.195,-1.37223122324869
7.5,2,2.198,-1.40880650327681
7.5,2,2.201,-1.44690272491653
7.5,2,2.204,-1.48660272015934
7.5,2,2.207,-1.52799478144396
7.5,2,2.21,-1.57117307906622
7.5,2,2.213,-1.61623811458614
7.5,2,2.216,-1.66329721368169
7.5,2,2.219,-1.71246506226642
7.5,2,2.222,-1.76386429009988
7.5,2,2.225,-1.81762610658309
7.5,2,2.228,-1.87389099395237
7.5,2,2.231,-1.93280946367421
7.5,2,2.234,-1.99454288251054
7.5,2,2.237,-2.05926437548189
7.5,2,2.24,-2.12715981382012
7.5,2,2.243,-2.19842889699061
7.5,2,2.246,-2.27328633900065
7.5,2,2.249,-2.35196317052035
7.5,2,2.252,-2.4347081698615
7.5,2,2.255,-2.5217894376278
7.5,2,2.258,-2.61349613191832
7.5,2,2.261,-2.71014038339808
7.5,2,2.264,-2.81205941242432
7.5,2,2.267,-2.9196178738315
7.5,2,2.27,-3.03321045905488
7.5,2,2.273,-3.15326479016571
7.5,2,2.276,-3.28024464629059
7.5,2,2.279,-3.41465357003493
7.5,2,2.282,-3.55703891022571
7.5,2,2.285,-3.70799636790836
7.5,2,2.288,-3.86817512554331
7.5,2,2.291,-4.03828365533319
7.5,2,2.294,-4.2190963222829
7.5,2,2.297,-4.41146092182226
7.5,2,2.3,-4.61630732163897
7.5,2,2.303,-4.83465741397365
7.5,2,2.306,-5.06763662933031
7.5,2,2.309,-5.31648731664645
7.5,2,2.312,-5.58258435941901
7.5,2,2.315,-5.86745347211666
7.5,2,2.318,-6.17279270423125
7.5,2,2.321,-6.50049776363911
7.5,2,2.324,-6.85269184012965
7.5,2,2.327,-7.23176062863708
7.5,2,2.33,-7.64039314713379
7.5,2,2.333,-8.08162856985055
7.5,2,2.336,-8.55890835981022
7.5,2,2.339,-9.07613090021145
7.5,2,2.342,-9.63770141391914
7.5,2,2.345,-10.2485608319607
7.5,2,2.348,-10.9141585216084
7.5,2,2.351,-11.6402952955763
7.5,2,2.354,-12.4326840849776
7.5,2,2.357,-13.2959143256232
7.5,2,2.36,-14.23118530684
7.5,2,2.363,-15.231584397409
7.5,2,2.366,-16.2728395126799
7.5,2,2.369,-17.2973142031586
7.5,2,2.372,-18.1939031495149
7.5,2,2.375,-18.795446506082
7.5,2,2.378,-18.9380094310283
7.5,2,2.381,-18.5751923998368
7.5,2,2.384,-17.8188363698173
7.5,2,2.387,-16.8468949053979
7.5,2,2.39,-15.8041786980534
7.5,2,2.393,-14.7757938161028
7.5,2,2.396,-13.8021058231804
7.5,2,2.399,-12.8981321714805
7.5,2,2.402,-12.0663677235551
7.5,2,2.405,-11.3037107440019
7.5,2,2.408,-10.6048899063676
7.5,2,2.411,-9.9640745550967
7.5,2,2.414,-9.3755906096495
7.5,2,2.417,-8.83420772378681
7.5,2,2.42,-8.33522574735602
7.5,2,2.423,-7.87447090386156
7.5,2,2.426,-7.4482547044964
7.5,2,2.429,-7.05332067393161
7.5,2,2.432,-6.68679034684578
7.5,2,2.435,-6.34611337976618
7.5,2,2.438,-6.0290234509135
7.5,2,2.441,-5.73350014795822
7.5,2,2.444,-5.45773640771833
7.5,2,2.447,-5.2001108430349
7.5,2,2.45,-4.95916425519916
7.5,2,2.453,-4.73357967791893
7.5,2,2.456,-4.52216537791604
7.5,2,2.459,-4.32384032249305
7.5,2,2.462,-4.13762170443288
7.5,2,2.465,-3.96261418502393
7.5,2,2.468,-3.79800057584459
7.5,2,2.471,-3.64303372975575
7.5,2,2.474,-3.49702945250875
7.5,2,2.477,-3.35936027980954
7.5,2,2.48,-3.22944999186379
7.5,2,2.483,-3.10676875948839
7.5,2,2.486,-2.99082883378243
7.5,2,2.489,-2.88118070589913
7.5,2,2.492,-2.77740967530805
7.5,2,2.495,-2.67913277461223
7.5,2,2.498,-2.58599600691525
7.5,2,2.501,-2.49767185825716
7.5,2,2.504,-2.41385705303364
7.5,2,2.507,-2.33427052479065
7.5,2,2.51,-2.25865157852694
7.5,2,2.513,-2.18675822377325
7.5,2,2.516,-2.11836566036347
7.5,2,2.519,-2.05326490105601
7.5,2,2.522,-1.99126151707588
7.5,2,2.525,-1.9321744942857
7.5,2,2.528,-1.87583518910368
7.5,2,2.531,-1.8220863745059
7.5,2,2.534,-1.7707813675097
7.5,2,2.537,-1.72178323045863
7.5,2,2.54,-1.67496403923886
7.5,2,2.543,-1.63020421226835
7.5,2,2.546,-1.58739189472688
7.5,2,2.549,-1.54642239305056
7.5,2,2.552,-1.50719765520605
7.5,2,2.555,-1.46962579269788
7.5,2,2.558,-1.43362064065242
7.5,2,2.561,-1.39910135267063
7.5,2,2.564,-1.36599202745393
7.5,2,2.567,-1.33422136448699
7.5,2,2.57,-1.30372234631308
7.5,2,2.573,-1.27443194516318
7.5,2,2.576,-1.24629085190366
7.5,2,2.579,-1.21924322545127
7.5,2,2.582,-1.19323646096926
7.5,2,2.585,-1.16822097530882
7.5,2,2.588,-1.14415000829498
7.5,2,2.591,-1.12097943857909
7.5,2,2.594,-1.09866761289083
7.5,2,2.597,-1.07717518762378
7.5,2,2.6,-1.05646498177988
7.5,2,2.603,-1.03650184038113
7.5,2,2.606,-1.0172525075325
7.5,2,2.609,-0.998685508388708
7.5,2,2.612,-0.9807710393399
7.5,2,2.615,-0.963480865788273
7.5,2,2.618,-0.946788226939468
7.5,2,2.621,-0.930667747079975
7.5,2,2.624,-0.915095352854713
7.5,2,2.627,-0.900048196098503
7.5,2,2.63,-0.885504581811038
7.5,2,2.633,-0.871443900897793
7.5,2,2.636,-0.857846567329369
7.5,2,2.639,-0.844693959399306
7.5,2,2.642,-0.831968364785456
7.5,2,2.645,-0.819652929143083
7.5,2,2.648,-0.807731607979035
7.5,2,2.651,-0.796189121575522
7.5,2,2.654,-0.785010912749917
7.5,2,2.657,-0.77418310725327
7.5,2,2.66,-0.763692476625007
7.5,2,2.663,-0.753526403335326
7.5,2,2.666,-0.74367284805908
7.5,2,2.669,-0.734120318936808
7.5,2,2.672,-0.724857842689129
7.5,2,2.675,-0.715874937460523
7.5,2,2.678,-0.707161587277665
7.5,2,2.681,-0.698708218015729
7.5,2,2.684,-0.69050567477378
7.5,2,2.687,-0.682545200567503
7.5,2,2.69,-0.674818416254027
7.5,2,2.693,-0.667317301609592
7.5,2,2.696,-0.660034177486481
7.5,2,2.699,-0.652961688980684
7.5,2,2.702,-0.646092789546619
7.5,2,2.705,-0.639420725999542
7.5,2,2.708,-0.632939024350427
7.5,2,2.711,-0.62664147642185
7.5,2,2.714,-0.62052212719685
7.5,2,2.717,-0.614575262856063
7.5,2,2.72,-0.608795399461361
7.5,2,2.723,-0.603177272247043
7.5,2,2.726,-0.59771582548214
7.5,2,2.729,-0.592406202869926
7.5,2,2.732,-0.587243738452804
7.5,2,2.735,-0.582223947992866
7.5,2,2.738,-0.577342520800396
7.5,2,2.741,-0.572595311984252
7.5,2,2.744,-0.567978335099856
7.5,2,2.747,-0.563487755171966
7.5,2,2.75,-0.559119882070852
7.5,2,2.753,-0.554871164221949
7.5,2,2.756,-0.550738182630146
7.5,2,2.759,-0.546717645201137
7.5,2,2.762,-0.542806381343346
7.5,2,2.765,-0.539001336834871
7.5,2,2.768,-0.535299568940961
7.5,2,2.771,-0.531698241768277
7.5,2,2.774,-0.52819462184315
7.5,2,2.777,-0.524786073901723
7.5,2,2.78,-0.521470056880618
7.5,2,2.783,-0.518244120097445
7.5,2,2.786,-0.515105899611112
7.5,2,2.789,-0.512053114752416
7.5,2,2.792,-0.509083564816066
7.5,2,2.795,-0.506195125905666
7.5,2,2.798,-0.503385747923825
7.5,2,2.801,-0.500653451699803
7.5,2,2.804,-0.497996326247797
7.5,2,2.807,-0.495412526149121
7.5,2,2.81,-0.492900269052067
7.5,2,2.813,-0.490457833283488
7.5,2,2.816,-0.488083555566569
7.5,2,2.819,-0.485775828839458
7.5,2,2.822,-0.483533100169801
7.5,2,2.825,-0.481353868760462
7.5,2,2.828,-0.479236684041954
7.5,2,2.831,-0.477180143847397
7.5,2,2.834,-0.475182892665969
7.5,2,2.837,-0.473243619971141
7.5,2,2.84,-0.471361058620048
7.5,2,2.843,-0.469533983320673
7.5,2,2.846,-0.467761209163618
7.5,2,2.849,-0.466041590215392
7.5,2,2.852,-0.464374018170408
7.5,2,2.855,-0.462757421058892
7.5,2,2.858,-0.461190762008167
7.5,2,2.861,-0.459673038054811
7.5,2,2.864,-0.458203279005398
7.5,2,2.867,-0.456780546343607
7.5,2,2.87,-0.455403932181566
7.5,2,2.873,-0.454072558253478
7.5,2,2.876,-0.452785574949616
7.5,2,2.879,-0.451542160388888
7.5,2,2.882,-0.45034151952829
7.5,2,2.885,-0.449182883307536
7.5,2,2.888,-0.448065507827455
7.5,2,2.891,-0.446988673560562
7.5,2,2.894,-0.445951684592478
7.5,2,2.897,-0.444953867892813
7.5,2,2.9,-0.44399457261431
7.5,2,2.903,-0.443073169418984
7.5,2,2.906,-0.442189049830142
7.5,2,2.909,-0.44134162560918
7.5,2,2.912,-0.440530328156093
7.5,2,2.915,-0.439754607932763
7.5,2,2.918,-0.439013933908007
7.5,2,2.921,-0.438307793023514
7.5,2,2.924,-0.437635689679849
7.5,2,2.927,-0.436997145241592
7.5,2,2.93,-0.436391697560985
7.5,2,2.933,-0.435818900519163
7.5,2,2.936,-0.435278323584423
7.5,2,2.939,-0.434769551386718
7.5,2,2.942,-0.434292183307779
7.5,2,2.945,-0.433845833086282
7.5,2,2.948,-0.433430128437378
7.5,2,2.951,-0.433044710686075
7.5,2,2.954,-0.432689234413924
7.5,2,2.957,-0.432363367118495
7.5,2,2.96,-0.432066788885092
7.5,2,2.963,-0.431799192070319
7.5,2,2.966,-0.431560280996974
7.5,2,2.969,-0.43134977165987
7.5,2,2.972,-0.431167391442137
7.5,2,2.975,-0.431012878841666
7.5,2,2.978,-0.430885983207225
7.5,2,2.981,-0.430786464483961
7.5,2,2.984,-0.430714092967915
7.5,2,2.987,-0.430668649069175
7.5,2,2.99,-0.430649923083403
7.5,2,2.993,-0.430657714971404
7.5,2,2.996,-0.430691834146423
7.5,2,2.999,-0.430752099268917
7.5,2,3.002,-0.430838338048521
7.5,2,3.005,-0.430950387052937
7.5,2,3.008,-0.431088091523522
7.5,2,3.011,-0.431251305197268
7.5,2,3.014,-0.431439890135077
7.5,2,3.017,-0.431653716555927
7.5,2,3.02,-0.431892662676912
7.5,2,3.023,-0.432156614558779
7.5,2,3.026,-0.432445465956899
7.5,2,3.029,-0.432759118177388
7.5,2,3.032,-0.433097479938261
7.5,2,3.035,-0.433460467235436
7.5,2,3.038,-0.433848003213355
7.5,2,3.041,-0.434260018040175
7.5,2,3.044,-0.434696448787274
7.5,2,3.047,-0.435157239312982
7.5,2,3.05,-0.43564234015036
7.5,2.5,1.85,-0.2990433559906
7.5,2.5,1.853,-0.301977504723134
7.5,2.5,1.856,-0.304956140813928
7.5,2.5,1.859,-0.307980133750045
7.5,2.5,1.862,-0.311050378574328
7.5,2.5,1.865,-0.314167796706661
7.5,2.5,1.868,-0.317333336796643
7.5,2.5,1.871,-0.320547975609092
7.5,2.5,1.874,-0.323812718943803
7.5,2.5,1.877,-0.32712860259105
7.5,2.5,1.88,-0.330496693324393
7.5,2.5,1.883,-0.333918089932484
7.5,2.5,1.886,-0.33739392429157
7.5,2.5,1.889,-0.340925362480516
7.5,2.5,1.892,-0.344513605940268
7.5,2.5,1.895,-0.34815989267979
7.5,2.5,1.898,-0.351865498530491
7.5,2.5,1.901,-0.355631738451487
7.5,2.5,1.904,-0.3594599678879
7.5,2.5,1.907,-0.36335158418474
7.5,2.5,1.91,-0.367308028058865
7.5,2.5,1.913,-0.371330785131775
7.5,2.5,1.916,-0.375421387526067
7.5,2.5,1.919,-0.379581415528529
7.5,2.5,1.922,-0.383812499323068
7.5,2.5,1.925,-0.388116320796724
7.5,2.5,1.928,-0.392494615422331
7.5,2.5,1.931,-0.396949174221438
7.5,2.5,1.934,-0.401481845811431
7.5,2.5,1.937,-0.406094538540877
7.5,2.5,1.94,-0.41078922271744
7.5,2.5,1.943,-0.415567932932866
7.5,2.5,1.946,-0.420432770489867
7.5,2.5,1.949,-0.425385905935925
7.5,2.5,1.952,-0.430429581709326
7.5,2.5,1.955,-0.435566114903084
7.5,2.5,1.958,-0.440797900152667
7.5,2.5,1.961,-0.446127412653777
7.5,2.5,1.964,-0.451557211316848
7.5,2.5,1.967,-0.457089942065194
7.5,2.5,1.97,-0.462728341284252
7.5,2.5,1.973,-0.468475239429696
7.5,2.5,1.976,-0.474333564802714
7.5,2.5,1.979,-0.480306347501155
7.5,2.5,1.982,-0.486396723555799
7.5,2.5,1.985,-0.492607939261573
7.5,2.5,1.988,-0.498943355714
7.5,2.5,1.991,-0.505406453561905
7.5,2.5,1.994,-0.512000837987987
7.5,2.5,1.997,-0.518730243929528
7.5,2.5,2,-0.52559854155234
7.5,2.5,2.003,-0.532609741991727
7.5,2.5,2.006,-0.539768003375159
7.5,2.5,2.009,-0.547077637142208
7.5,2.5,2.012,-0.554543114678239
7.5,2.5,2.015,-0.562169074279377
7.5,2.5,2.018,-0.569960328467369
7.5,2.5,2.021,-0.577921871674056
7.5,2.5,2.024,-0.586058888316454
7.5,2.5,2.027,-0.594376761284759
7.5,2.5,2.03,-0.602881080866914
7.5,2.5,2.033,-0.611577654135018
7.5,2.5,2.036,-0.620472514820274
7.5,2.5,2.039,-0.629571933705065
7.5,2.5,2.042,-0.638882429562465
7.5,2.5,2.045,-0.648410780675445
7.5,2.5,2.048,-0.65816403697023
7.5,2.5,2.051,-0.668149532800338
7.5,2.5,2.054,-0.678374900420414
7.5,2.5,2.057,-0.688848084191372
7.5,2.5,2.06,-0.699577355561192
7.5,2.5,2.063,-0.710571328868663
7.5,2.5,2.066,-0.72183897802046
7.5,2.5,2.069,-0.733389654095359
7.5,2.5,2.072,-0.745233103933011
7.5,2.5,2.075,-0.757379489768533
7.5,2.5,2.078,-0.769839409978388
7.5,2.5,2.081,-0.782623921007434
7.5,2.5,2.084,-0.795744560551832
7.5,2.5,2.087,-0.809213372077605
7.5,2.5,2.09,-0.823042930760165
7.5,2.5,2.093,-0.83724637093603
7.5,2.5,2.096,-0.851837415164244
7.5,2.5,2.099,-0.86683040500189
7.5,2.5,2.102,-0.8822403336053
7.5,2.5,2.105,-0.898082880276456
7.5,2.5,2.108,-0.914374447082477
7.5,2.5,2.111,-0.931132197685131
7.5,2.5,2.114,-0.948374098526942
7.5,2.5,2.117,-0.966118962530965
7.5,2.5,2.12,-0.984386495482443
7.5,2.5,2.123,-1.00319734527251
7.5,2.5,2.126,-1.02257315419705
7.5,2.5,2.129,-1.04253661451768
7.5,2.5,2.132,-1.06311152750647
7.5,2.5,2.135,-1.0843228662122
7.5,2.5,2.138,-1.10619684220292
7.5,2.5,2.141,-1.12876097655764
7.5,2.5,2.144,-1.15204417540015
7.5,2.5,2.147,-1.17607681028836
7.5,2.5,2.15,-1.20089080379568
7.5,2.5,2.153,-1.22651972064449
7.5,2.5,2.156,-1.25299886477796
7.5,2.5,2.159,-1.28036538278388
7.5,2.5,2.162,-1.30865837411338
7.5,2.5,2.165,-1.33791900856917
7.5,2.5,2.168,-1.36819065157097
7.5,2.5,2.171,-1.3995189977416
7.5,2.5,2.174,-1.43195221339486
7.5,2.5,2.177,-1.46554108854638
7.5,2.5,2.18,-1.50033919911095
7.5,2.5,2.183,-1.53640307999465
7.5,2.5,2.186,-1.57379240983702
7.5,2.5,2.189,-1.61257020820792
7.5,2.5,2.192,-1.65280304611527
7.5,2.5,2.195,-1.69456127073361
7.5,2.5,2.198,-1.73791924531845
7.5,2.5,2.201,-1.78295560532871
7.5,2.5,2.204,-1.82975353183725
7.5,2.5,2.207,-1.87840104336753
7.5,2.5,2.21,-1.92899130735255
7.5,2.5,2.213,-1.98162297246827
7.5,2.5,2.216,-2.03640052314666
7.5,2.5,2.219,-2.09343465762226
7.5,2.5,2.222,-2.15284269090688
7.5,2.5,2.225,-2.21474898411802
7.5,2.5,2.228,-2.27928540160328
7.5,2.5,2.231,-2.34659179730063
7.5,2.5,2.234,-2.41681653174623
7.5,2.5,2.237,-2.49011702108061
7.5,2.5,2.24,-2.56666031929768
7.5,2.5,2.243,-2.64662373481868
7.5,2.5,2.246,-2.7301954822354
7.5,2.5,2.249,-2.8175753697319
7.5,2.5,2.252,-2.90897552223374
7.5,2.5,2.255,-3.0046211397088
7.5,2.5,2.258,-3.10475128920689
7.5,2.5,2.261,-3.20961972811049
7.5,2.5,2.264,-3.31949575459234
7.5,2.5,2.267,-3.43466507932565
7.5,2.5,2.27,-3.55543070991968
7.5,2.5,2.273,-3.68211383616356
7.5,2.5,2.276,-3.81505469968943
7.5,2.5,2.279,-3.95461342576364
7.5,2.5,2.282,-4.10117078711185
7.5,2.5,2.285,-4.25512885934738
7.5,2.5,2.288,-4.41691151385341
7.5,2.5,2.291,-4.58696467571788
7.5,2.5,2.294,-4.76575624998536
7.5,2.5,2.297,-4.95377558697294
7.5,2.5,2.3,-5.15153231386301
7.5,2.5,2.303,-5.35955430140733
7.5,2.5,2.306,-5.57838445620854
7.5,2.5,2.309,-5.80857592380527
7.5,2.5,2.312,-6.05068514655904
7.5,2.5,2.315,-6.30526203121551
7.5,2.5,2.318,-6.57283622878345
7.5,2.5,2.321,-6.85389819532326
7.5,2.5,2.324,-7.14887326471467
7.5,2.5,2.327,-7.4580864013595
7.5,2.5,2.33,-7.78171459575722
7.5,2.5,2.333,-8.11972302224228
7.5,2.5,2.336,-8.47178014629881
7.5,2.5,2.339,-8.83714609769436
7.5,2.5,2.342,-9.2145281522118
7.5,2.5,2.345,-9.60189775730567
7.5,2.5,2.348,-9.99626639510778
7.5,2.5,2.351,-10.393424640024
7.5,2.5,2.354,-10.7876627554837
7.5,2.5,2.357,-11.1715149906377
7.5,2.5,2.36,-11.5356044214589
7.5,2.5,2.363,-11.8687054341603
7.5,2.5,2.366,-12.1581686157932
7.5,2.5,2.369,-12.3908331382165
7.5,2.5,2.372,-12.5544441633713
7.5,2.5,2.375,-12.6393879945393
7.5,2.5,2.378,-12.6403264553244
7.5,2.5,2.381,-12.5572063834863
7.5,2.5,2.384,-12.3952704720534
7.5,2.5,2.387,-12.1640652481349
7.5,2.5,2.39,-11.8758141412366
7.5,2.5,2.393,-11.5436794834313
7.5,2.5,2.396,-11.1803359336963
7.5,2.5,2.399,-10.7970474402248
7.5,2.5,2.402,-10.4032334782811
7.5,2.5,2.405,-10.0064006683467
7.5,2.5,2.408,-9.61229479607373
7.5,2.5,2.411,-9.22515535995495
7.5,2.5,2.414,-8.84799500569386
7.5,2.5,2.417,-8.48286108722399
7.5,2.5,2.42,-8.13106063259604
7.5,2.5,2.423,-7.79334415218981
7.5,2.5,2.426,-7.47005090160367
7.5,2.5,2.429,-7.16122113287585
7.5,2.5,2.432,-6.86668149207638
7.5,2.5,2.435,-6.58610926141631
7.5,2.5,2.438,-6.31908027676256
7.5,2.5,2.441,-6.06510441892351
7.5,2.5,2.444,-5.82365173097594
7.5,2.5,2.447,-5.59417150601505
7.5,2.5,2.45,-5.37610612392488
7.5,2.5,2.453,-5.16890097599276
7.5,2.5,2.456,-4.97201148034201
7.5,2.5,2.459,-4.78490793753922
7.5,2.5,2.462,-4.60707878555799
7.5,2.5,2.465,-4.4380326712668
7.5,2.5,2.468,-4.27729964979024
7.5,2.5,2.471,-4.12443174429591
7.5,2.5,2.474,-3.97900304006519
7.5,2.5,2.477,-3.84060944294003
7.5,2.5,2.48,-3.70886819954714
7.5,2.5,2.483,-3.58341725223696
7.5,2.5,2.486,-3.46391448332587
7.5,2.5,2.489,-3.35003688943456
7.5,2.5,2.492,-3.24147971632204
7.5,2.5,2.495,-3.13795557676343
7.5,2.5,2.498,-3.03919356808043
7.5,2.5,2.501,-2.94493840143031
7.5,2.5,2.504,-2.85494955154273
7.5,2.5,2.507,-2.76900043299922
7.5,2.5,2.51,-2.68687760718029
7.5,2.5,2.513,-2.60838002251263
7.5,2.5,2.516,-2.53331828951925
7.5,2.5,2.519,-2.46151399132581
7.5,2.5,2.522,-2.3927990296404
7.5,2.5,2.525,-2.32701500575434
7.5,2.5,2.528,-2.26401263576702
7.5,2.5,2.531,-2.20365119899375
7.5,2.5,2.534,-2.1457980183452
7.5,2.5,2.537,-2.09032797135619
7.5,2.5,2.54,-2.03712303047471
7.5,2.5,2.543,-1.98607183119018
7.5,2.5,2.546,-1.93706926657349
7.5,2.5,2.549,-1.89001610681474
7.5,2.5,2.552,-1.84481864237311
7.5,2.5,2.555,-1.80138834939148
7.5,2.5,2.558,-1.75964157607517
7.5,2.5,2.561,-1.71949924878538
7.5,2.5,2.564,-1.68088659665299
7.5,2.5,2.567,-1.64373289357465
7.5,2.5,2.57,-1.60797121651076
7.5,2.5,2.573,-1.57353821906186
7.5,2.5,2.576,-1.54037391935611
7.5,2.5,2.579,-1.50842150133575
7.5,2.5,2.582,-1.47762712858363
7.5,2.5,2.585,-1.44793976988189
7.5,2.5,2.588,-1.41931103574443
7.5,2.5,2.591,-1.39169502521149
7.5,2.5,2.594,-1.36504818223937
7.5,2.5,2.597,-1.33932916106072
7.5,2.5,2.6,-1.31449869993072
7.5,2.5,2.603,-1.29051950271246
7.5,2.5,2.606,-1.26735612779039
7.5,2.5,2.609,-1.24497488383417
7.5,2.5,2.612,-1.22334373196661
7.5,2.5,2.615,-1.20243219391941
7.5,2.5,2.618,-1.18221126578734
7.5,2.5,2.621,-1.16265333701791
7.5,2.5,2.624,-1.14373211429784
7.5,2.5,2.627,-1.12542255001983
7.5,2.5,2.63,-1.10770077503471
7.5,2.5,2.633,-1.09054403541381
7.5,2.5,2.636,-1.07393063296431
7.5,2.5,2.639,-1.05783986925831
7.5,2.5,2.642,-1.04225199295158
7.5,2.5,2.645,-1.02714815018361
7.5,2.5,2.648,-1.01251033786397
7.5,2.5,2.651,-0.998321359663297
7.5,2.5,2.654,-0.984564784539199
7.5,2.5,2.657,-0.971224907638667
7.5,2.5,2.66,-0.958286713429002
7.5,2.5,2.663,-0.945735840919236
7.5,2.5,2.666,-0.933558550842913
7.5,2.5,2.669,-0.921741694681725
7.5,2.5,2.672,-0.910272685417348
7.5,2.5,2.675,-0.899139469906197
7.5,2.5,2.678,-0.888330502778745
7.5,2.5,2.681,-0.877834721771258
7.5,2.5,2.684,-0.867641524403979
7.5,2.5,2.687,-0.857740745925257
7.5,2.5,2.69,-0.848122638446178
7.5,2.5,2.693,-0.838777851195303
7.5,2.5,2.696,-0.829697411827411
7.5,2.5,2.699,-0.82087270872448
7.5,2.5,2.702,-0.812295474230951
7.5,2.5,2.705,-0.80395776876907
7.5,2.5,2.708,-0.795851965783425
7.5,2.5,2.711,-0.787970737466987
7.5,2.5,2.714,-0.780307041224015
7.5,2.5,2.717,-0.772854106827827
7.5,2.5,2.72,-0.765605424234137
7.5,2.5,2.723,-0.758554732012995
7.5,2.5,2.726,-0.751696006364727
7.5,2.5,2.729,-0.745023450687225
7.5,2.5,2.732,-0.738531485664115
7.5,2.5,2.735,-0.732214739844962
7.5,2.5,2.738,-0.726068040690616
7.5,2.5,2.741,-0.72008640605819
7.5,2.5,2.744,-0.714265036101903
7.5,2.5,2.747,-0.708599305567231
7.5,2.5,2.75,-0.703084756457297
7.5,2.5,2.753,-0.697717091051548
7.5,2.5,2.756,-0.692492165258043
7.5,2.5,2.759,-0.687405982281638
7.5,2.5,2.762,-0.682454686591519
7.5,2.5,2.765,-0.677634558172352
7.5,2.5,2.768,-0.672942007044346
7.5,2.5,2.771,-0.668373568038245
7.5,2.5,2.774,-0.663925895812179
7.5,2.5,2.777,-0.659595760097921
7.5,2.5,2.78,-0.655380041164927
7.5,2.5,2.783,-0.651275725491056
7.5,2.5,2.786,-0.647279901629602
7.5,2.5,2.789,-0.643389756262765
7.5,2.5,2.792,-0.639602570432264
7.5,2.5,2.795,-0.63591571593832
7.5,2.5,2.798,-0.632326651898693
7.5,2.5,2.801,-0.628832921459912
7.5,2.5,2.804,-0.625432148653263
7.5,2.5,2.807,-0.622122035388549
7.5,2.5,2.81,-0.618900358578912
7.5,2.5,2.813,-0.615764967390446
7.5,2.5,2.816,-0.612713780610681
7.5,2.5,2.819,-0.609744784130213
7.5,2.5,2.822,-0.606856028532206
7.5,2.5,2.825,-0.604045626784643
7.5,2.5,2.828,-0.601311752030585
7.5,2.5,2.831,-0.5986526354718
7.5,2.5,2.834,-0.596066564341551
7.5,2.5,2.837,-0.593551879962346
7.5,2.5,2.84,-0.59110697588484
7.5,2.5,2.843,-0.588730296104145
7.5,2.5,2.846,-0.586420333350126
7.5,2.5,2.849,-0.584175627448256
7.5,2.5,2.852,-0.581994763747979
7.5,2.5,2.855,-0.579876371615498
7.5,2.5,2.858,-0.577819122988227
7.5,2.5,2.861,-0.57582173098812
7.5,2.5,2.864,-0.573882948591341
7.5,2.5,2.867,-0.572001567351875
7.5,2.5,2.87,-0.570176416176655
7.5,2.5,2.873,-0.568406360150098
7.5,2.5,2.876,-0.566690299405863
7.5,2.5,2.879,-0.565027168043909
7.5,2.5,2.882,-0.563415933090881
7.5,2.5,2.885,-0.561855593502028
7.5,2.5,2.888,-0.560345179202973
7.5,2.5,2.891,-0.558883750169626
7.5,2.5,2.894,-0.557470395544736
7.5,2.5,2.897,-0.5561042327895
7.5,2.5,2.9,-0.554784406868964
7.5,2.5,2.903,-0.553510089469669
7.5,2.5,2.906,-0.552280478248422
7.5,2.5,2.909,-0.551094796110865
7.5,2.5,2.912,-0.549952290518687
7.5,2.5,2.915,-0.548852232824394
7.5,2.5,2.918,-0.547793917632517
7.5,2.5,2.921,-0.546776662186305
7.5,2.5,2.924,-0.545799805778876
7.5,2.5,2.927,-0.544862709187935
7.5,2.5,2.93,-0.543964754133152
7.5,2.5,2.933,-0.543105342755405
7.5,2.5,2.936,-0.542283897116998
7.5,2.5,2.939,-0.541499858722184
7.5,2.5,2.942,-0.540752688057193
7.5,2.5,2.945,-0.540041864149097
7.5,2.5,2.948,-0.539366884142811
7.5,2.5,2.951,-0.538727262895659
7.5,2.5,2.954,-0.538122532588805
7.5,2.5,2.957,-0.537552242355055
7.5,2.5,2.96,-0.537015957922411
7.5,2.5,2.963,-0.536513261272892
7.5,2.5,2.966,-0.536043750316062
7.5,2.5,2.969,-0.535607038576855
7.5,2.5,2.972,-0.535202754897183
7.5,2.5,2.975,-0.534830543150865
7.5,2.5,2.978,-0.534490061971544
7.5,2.5,2.981,-0.534180984493087
7.5,2.5,2.984,-0.533902998102172
7.5,2.5,2.987,-0.533655804202633
7.5,2.5,2.99,-0.533439117991226
7.5,2.5,2.993,-0.533252668244522
7.5,2.5,2.996,-0.533096197116564
7.5,2.5,2.999,-0.532969459946992
7.5,2.5,3.002,-0.532872225079349
7.5,2.5,3.005,-0.532804273689331
7.5,2.5,3.008,-0.532765399622613
7.5,2.5,3.011,-0.532755409242151
7.5,2.5,3.014,-0.532774121284556
7.5,2.5,3.017,-0.532821366725443
7.5,2.5,3.02,-0.53289698865346
7.5,2.5,3.023,-0.533000842152842
7.5,2.5,3.026,-0.533132794194231
7.5,2.5,3.029,-0.533292723533633
7.5,2.5,3.032,-0.533480520619305
7.5,2.5,3.035,-0.533696087506407
7.5,2.5,3.038,-0.533939337779255
7.5,2.5,3.041,-0.534210196481022
7.5,2.5,3.044,-0.534508600050778
7.5,2.5,3.047,-0.534834496267629
7.5,2.5,3.05,-0.535187844201979
7.5,3,1.85,-0.342547728478719
7.5,3,1.853,-0.346003804588841
7.5,3,1.856,-0.349511547656759
7.5,3,1.859,-0.353071955568343
7.5,3,1.862,-0.35668605432124
7.5,3,1.865,-0.360354898907655
7.5,3,1.868,-0.364079574229725
7.5,3,1.871,-0.36786119604882
7.5,3,1.874,-0.37170091197024
7.5,3,1.877,-0.375599902464725
7.5,3,1.88,-0.379559381928413
7.5,3,1.883,-0.383580599782785
7.5,3,1.886,-0.387664841616371
7.5,3,1.889,-0.391813430369975
7.5,3,1.892,-0.396027727567261
7.5,3,1.895,-0.400309134592717
7.5,3,1.898,-0.404659094018983
7.5,3,1.901,-0.409079090985741
7.5,3,1.904,-0.413570654632383
7.5,3,1.907,-0.418135359586853
7.5,3,1.91,-0.422774827513107
7.5,3,1.913,-0.427490728719807
7.5,3,1.916,-0.43228478383297
7.5,3,1.919,-0.437158765535424
7.5,3,1.922,-0.442114500376072
7.5,3,1.925,-0.447153870652117
7.5,3,1.928,-0.452278816367544
7.5,3,1.931,-0.457491337271343
7.5,3,1.934,-0.462793494979084
7.5,3,1.937,-0.468187415181719
7.5,3,1.94,-0.473675289945578
7.5,3,1.943,-0.479259380107833
7.5,3,1.946,-0.484942017771845
7.5,3,1.949,-0.490725608907038
7.5,3,1.952,-0.496612636058274
7.5,3,1.955,-0.50260566116981
7.5,3,1.958,-0.508707328529325
7.5,3,1.961,-0.514920367837699
7.5,3,1.964,-0.52124759741055
7.5,3,1.967,-0.527691927517847
7.5,3,1.97,-0.534256363868307
7.5,3,1.973,-0.540944011245471
7.5,3,1.976,-0.547758077302951
7.5,3,1.979,-0.554701876526568
7.5,3,1.982,-0.561778834371514
7.5,3,1.985,-0.568992491583254
7.5,3,1.988,-0.576346508711202
7.5,3,1.991,-0.58384467082471
7.5,3,1.994,-0.591490892441541
7.5,3,1.997,-0.599289222679392
7.5,3,2,-0.607243850641729
7.5,3,2.003,-0.615359111049727
7.5,3,2.006,-0.623639490132844
7.5,3,2.009,-0.632089631791125
7.5,3,2.012,-0.640714344043194
7.5,3,2.015,-0.649518605774516
7.5,3,2.018,-0.658507573801465
7.5,3,2.021,-0.667686590267467
7.5,3,2.024,-0.677061190388489
7.5,3,2.027,-0.686637110566044
7.5,3,2.03,-0.69642029688693
7.5,3,2.033,-0.706416914030014
7.5,3,2.036,-0.716633354601443
7.5,3,2.039,-0.727076248920946
7.5,3,2.042,-0.737752475283132
7.5,3,2.045,-0.748669170719005
7.5,3,2.048,-0.75983374228443
7.5,3,2.051,-0.771253878903653
7.5,3,2.054,-0.782937563797746
7.5,3,2.057,-0.794893087529371
7.5,3,2.06,-0.807129061697092
7.5,3,2.063,-0.819654433314448
7.5,3,2.066,-0.83247849991077
7.5,3,2.069,-0.845610925393005
7.5,3,2.072,-0.859061756709967
7.5,3,2.075,-0.872841441362683
7.5,3,2.078,-0.886960845807099
7.5,3,2.081,-0.901431274797855
7.5,3,2.084,-0.916264491724688
7.5,3,2.087,-0.931472739995755
7.5,3,2.09,-0.947068765525292
7.5,3,2.093,-0.963065840386113
7.5,3,2.096,-0.979477787690736
7.5,3,2.099,-0.99631900776847
7.5,3,2.102,-1.01360450570936
7.5,3,2.105,-1.03134992034964
7.5,3,2.108,-1.04957155477729
7.5,3,2.111,-1.06828640844058
7.5,3,2.114,-1.08751221094618
7.5,3,2.117,-1.10726745763859
7.5,3,2.12,-1.1275714470564
7.5,3,2.123,-1.14844432036601
7.5,3,2.126,-1.16990710287806
7.5,3,2.129,-1.1919817477565
7.5,3,2.132,-1.21469118203533
7.5,3,2.135,-1.23805935506268
7.5,3,2.138,-1.26211128949712
7.5,3,2.141,-1.28687313498539
7.5,3,2.144,-1.31237222465578
7.5,3,2.147,-1.33863713456556
7.5,3,2.15,-1.36569774624508
7.5,3,2.153,-1.39358531248461
7.5,3,2.156,-1.42233252651316
7.5,3,2.159,-1.4519735947209
7.5,3,2.162,-1.48254431307795
7.5,3,2.165,-1.51408214740267
7.5,3,2.168,-1.54662631763131
7.5,3,2.171,-1.58021788623778
7.5,3,2.174,-1.61489985094706
7.5,3,2.177,-1.6507172418782
7.5,3,2.18,-1.68771722324172
7.5,3,2.183,-1.72594919970132
7.5,3,2.186,-1.76546492749112
7.5,3,2.189,-1.80631863035412
7.5,3,2.192,-1.8485671203374
7.5,3,2.195,-1.89226992344004
7.5,3,2.198,-1.93748941006221
7.5,3,2.201,-1.9842909301452
7.5,3,2.204,-2.03274295282058
7.5,3,2.207,-2.08291721029992
7.5,3,2.21,-2.13488884563207
7.5,3,2.213,-2.18873656382866
7.5,3,2.216,-2.2445427857078
7.5,3,2.219,-2.30239380362416
7.5,3,2.222,-2.36237993803779
7.5,3,2.225,-2.42459569361496
7.5,3,2.228,-2.48913991324625
7.5,3,2.231,-2.55611592799943
7.5,3,2.234,-2.62563170058704
7.5,3,2.237,-2.69779995940713
7.5,3,2.24,-2.77273831959504
7.5,3,2.243,-2.85056938678487
7.5,3,2.246,-2.9314208383993
7.5,3,2.249,-3.01542547623789
7.5,3,2.252,-3.10272124288461
7.5,3,2.255,-3.19345119296631
7.5,3,2.258,-3.28776340851814
7.5,3,2.261,-3.38581084559364
7.5,3,2.264,-3.48775109673063
7.5,3,2.267,-3.59374605086888
7.5,3,2.27,-3.70396142871939
7.5,3,2.273,-3.81856616729695
7.5,3,2.276,-3.93773162221944
7.5,3,2.279,-4.06163055030087
7.5,3,2.282,-4.19043582775187
7.5,3,2.285,-4.32431885076436
7.5,3,2.288,-4.46344755519549
7.5,3,2.291,-4.60798398027452
7.5,3,2.294,-4.75808128754371
7.5,3,2.297,-4.91388013046271
7.5,3,2.3,-5.07550425220373
7.5,3,2.303,-5.24305516925688
7.5,3,2.306,-5.41660577695914
7.5,3,2.309,-5.59619269082335
7.5,3,2.312,-5.7818071161578
7.5,3,2.315,-5.97338402058111
7.5,3,2.318,-6.17078937385169
7.5,3,2.321,-6.37380522332684
7.5,3,2.324,-6.58211240068568
7.5,3,2.327,-6.79527071947734
7.5,3,2.33,-7.01269664145808
7.5,3,2.333,-7.23363858559699
7.5,3,2.336,-7.45715035483985
7.5,3,2.339,-7.68206359242166
7.5,3,2.342,-7.90696077869861
7.5,3,2.345,-8.13015105415584
7.5,3,2.348,-8.34965208584781
7.5,3,2.351,-8.56318220773425
7.5,3,2.354,-8.76816799838397
7.5,3,2.357,-8.96177303889523
7.5,3,2.36,-9.14095343271999
7.5,3,2.363,-9.30254431612613
7.5,3,2.366,-9.44337865532438
7.5,3,2.369,-9.56043500078481
7.5,3,2.372,-9.65100496056066
7.5,3,2.375,-9.71286505675539
7.5,3,2.378,-9.74443302995448
7.5,3,2.381,-9.74488737654339
7.5,3,2.384,-9.71423214820316
7.5,3,2.387,-9.65329668854773
7.5,3,2.39,-9.56367034856027
7.5,3,2.393,-9.4475825779846
7.5,3,2.396,-9.30774640634106
7.5,3,2.399,-9.1471865354377
7.5,3,2.402,-8.96907195405234
7.5,3,2.405,-8.77656836747933
7.5,3,2.408,-8.57271963252025
7.5,3,2.411,-8.36036148630724
7.5,3,2.414,-8.14206624401149
7.5,3,2.417,-7.92011422075661
7.5,3,2.42,-7.69648629085094
7.5,3,2.423,-7.47287184360648
7.5,3,2.426,-7.25068697839865
7.5,3,2.429,-7.0310987161052
7.5,3,2.432,-6.81505201710695
7.5,3,2.435,-6.6032973266154
7.5,3,2.438,-6.3964171414417
7.5,3,2.441,-6.19485069018038
7.5,3,2.444,-5.99891625433433
7.5,3,2.447,-5.80883095820426
7.5,3,2.45,-5.62472805059778
7.5,3,2.453,-5.44667181932896
7.5,3,2.456,-5.27467034307947
7.5,3,2.459,-5.10868631230175
7.5,3,2.462,-4.94864615461747
7.5,3,2.465,-4.79444768991399
7.5,3,2.468,-4.64596652243082
7.5,3,2.471,-4.50306135574108
7.5,3,2.474,-4.36557839430971
7.5,3,2.477,-4.23335497382573
7.5,3,2.48,-4.10622254262336
7.5,3,2.483,-3.98400909862883
7.5,3,2.486,-3.86654117051276
7.5,3,2.489,-3.75364541803722
7.5,3,2.492,-3.64514991481401
7.5,3,2.495,-3.54088516664555
7.5,3,2.498,-3.44068491009723
7.5,3,2.501,-3.34438672874742
7.5,3,2.504,-3.25183251849497
7.5,3,2.507,-3.16286882820274
7.5,3,2.51,-3.07734709767351
7.5,3,2.513,-2.99512381136309
7.5,3,2.516,-2.91606058322333
7.5,3,2.519,-2.84002418554361
7.5,3,2.522,-2.76688653254277
7.5,3,2.525,-2.69652462768879
7.5,3,2.528,-2.62882048223473
7.5,3,2.531,-2.56366101121049
7.5,3,2.534,-2.50093791206128
7.5,3,2.537,-2.44054753024318
7.5,3,2.54,-2.38239071534676
7.5,3,2.543,-2.32637267069812
7.5,3,2.546,-2.27240279886526
7.5,3,2.549,-2.22039454505874
7.5,3,2.552,-2.17026524004787
7.5,3,2.555,-2.12193594390422
7.5,3,2.558,-2.07533129162536
7.5,3,2.561,-2.03037934147478
7.5,3,2.564,-1.98701142669145
7.5,3,2.567,-1.94516201107193
7.5,3,2.57,-1.90476854880053
7.5,3,2.573,-1.86577134879826
7.5,3,2.576,-1.82811344377443
7.5,3,2.579,-1.79174046409245
7.5,3,2.582,-1.75660051650293
7.5,3,2.585,-1.72264406774842
7.5,3,2.588,-1.68982383300565
7.5,3,2.591,-1.65809466909945
7.5,3,2.594,-1.62741347239788
7.5,3,2.597,-1.59773908127838
7.5,3,2.6,-1.56903218304048
7.5,3,2.603,-1.54125522512865
7.5,3,2.606,-1.51437233052196
7.5,3,2.609,-1.48834921714109
7.5,3,2.612,-1.46315312112067
7.5,3,2.615,-1.43875272379352
7.5,3,2.618,-1.41511808223324
7.5,3,2.621,-1.39222056320338
7.5,3,2.624,-1.37003278036332
7.5,3,2.627,-1.34852853458415
7.5,3,2.63,-1.32768275723161
7.5,3,2.633,-1.30747145627705
7.5,3,2.636,-1.28787166510169
7.5,3,2.639,-1.26886139386437
7.5,3,2.642,-1.25041958330759
7.5,3,2.645,-1.23252606088139
7.5,3,2.648,-1.21516149906983
7.5,3,2.651,-1.19830737580946
7.5,3,2.654,-1.18194593689407
7.5,3,2.657,-1.16606016026496
7.5,3,2.66,-1.15063372209012
7.5,3,2.663,-1.13565096454098
7.5,3,2.666,-1.12109686517909
7.5,3,2.669,-1.10695700786981
7.5,3,2.672,-1.09321755514395
7.5,3,2.675,-1.07986522193237
7.5,3,2.678,-1.06688725060228
7.5,3,2.681,-1.05427138722775
7.5,3,2.684,-1.04200585903008
7.5,3,2.687,-1.03007935292749
7.5,3,2.69,-1.01848099513633
7.5,3,2.693,-1.00720033176928
7.5,3,2.696,-0.996227310378714
7.5,3,2.699,-0.985552262396394
7.5,3,2.702,-0.975165886422901
7.5,3,2.705,-0.965059232322985
7.5,3,2.708,-0.955223686085224
7.5,3,2.711,-0.945650955406576
7.5,3,2.714,-0.936333055964585
7.5,3,2.717,-0.92726229834197
7.5,3,2.72,-0.918431275570185
7.5,3,2.723,-0.909832851260361
7.5,3,2.726,-0.901460148291723
7.5,3,2.729,-0.893306538029181
7.5,3,2.732,-0.885365630043271
7.5,3,2.735,-0.877631262307132
7.5,3,2.738,-0.870097491846477
7.5,3,2.741,-0.862758585819827
7.5,3,2.744,-0.855609013007536
7.5,3,2.747,-0.848643435689179
7.5,3,2.75,-0.841856701890059
7.5,3,2.753,-0.835243837978547
7.5,3,2.756,-0.828800041596922
7.5,3,2.759,-0.822520674909412
7.5,3,2.762,-0.816401258151798
7.5,3,2.765,-0.810437463467948
7.5,3,2.768,-0.804625109019323
7.5,3,2.771,-0.79896015335424
7.5,3,2.774,-0.793438690024354
7.5,3,2.777,-0.788056942436531
7.5,3,2.78,-0.782811258928805
7.5,3,2.783,-0.777698108059786
7.5,3,2.786,-0.772714074101392
7.5,3,2.789,-0.767855852725239
7.5,3,2.792,-0.763120246873712
7.5,3,2.795,-0.758504162806884
7.5,3,2.798,-0.75400460631728
7.5,3,2.801,-0.749618679104524
7.5,3,2.804,-0.745343575302574
7.5,3,2.807,-0.741176578152499
7.5,3,2.81,-0.737115056814106
7.5,3,2.813,-0.733156463310107
7.5,3,2.816,-0.729298329596783
7.5,3,2.819,-0.725538264755451
7.5,3,2.822,-0.721873952299285
7.5,3,2.825,-0.718303147590302
7.5,3,2.828,-0.714823675361621
7.5,3,2.831,-0.711433427340336
7.5,3,2.834,-0.708130359966522
7.5,3,2.837,-0.704912492204143
7.5,3,2.84,-0.701777903439911
7.5,3,2.843,-0.698724731466168
7.5,3,2.846,-0.6957511705442
7.5,3,2.849,-0.692855469544532
7.5,3,2.852,-0.690035930160841
7.5,3,2.855,-0.687290905194393
7.5,3,2.858,-0.684618796905989
7.5,3,2.861,-0.682018055432572
7.5,3,2.864,-0.67948717726574
7.5,3,2.867,-0.677024703789634
7.5,3,2.87,-0.674629219875688
7.5,3,2.873,-0.672299352531885
7.5,3,2.876,-0.67003376960429
7.5,3,2.879,-0.667831178528726
7.5,3,2.882,-0.665690325130508
7.5,3,2.885,-0.663609992470349
7.5,3,2.888,-0.661588999734508
7.5,3,2.891,-0.659626201167482
7.5,3,2.894,-0.657720485045473
7.5,3,2.897,-0.655870772689084
7.5,3,2.9,-0.654076017513638
7.5,3,2.903,-0.652335204115698
7.5,3,2.906,-0.650647347394368
7.5,3,2.909,-0.649011491705981
7.5,3,2.912,-0.647426710050985
7.5,3,2.915,-0.645892103291725
7.5,3,2.918,-0.644406799399976
7.5,3,2.921,-0.642969952733104
7.5,3,2.924,-0.641580743337798
7.5,3,2.927,-0.640238376280331
7.5,3,2.93,-0.6389420810024
7.5,3,2.933,-0.637691110701552
7.5,3,2.936,-0.636484741735407
7.5,3,2.939,-0.635322273048699
7.5,3,2.942,-0.634203025622427
7.5,3,2.945,-0.633126341944271
7.5,3,2.948,-0.632091585499537
7.5,3,2.951,-0.63109814028194
7.5,3,2.954,-0.630145410323525
7.5,3,2.957,-0.629232819243061
7.5,3,2.96,-0.628359809812303
7.5,3,2.963,-0.627525843539535
7.5,3,2.966,-0.62673040026978
7.5,3,2.969,-0.625972977801158
7.5,3,2.972,-0.625253091516879
7.5,3,2.975,-0.624570274032356
7.5,3,2.978,-0.623924074856941
7.5,3,2.981,-0.623314060069866
7.5,3,2.984,-0.622739812009926
7.5,3,2.987,-0.622200928978477
7.5,3,2.99,-0.621697024955381
7.5,3,2.993,-0.621227729327471
7.5,3,2.996,-0.620792686629223
7.5,3,2.999,-0.620391556295219
7.5,3,3.002,-0.620024012424146
7.5,3,3.005,-0.619689743553925
7.5,3,3.008,-0.619388452447751
7.5,3,3.011,-0.61911985589065
7.5,3,3.014,-0.618883684496411
7.5,3,3.017,-0.618679682524475
7.5,3,3.02,-0.618507607706654
7.5,3,3.023,-0.61836723108335
7.5,3,3.026,-0.61825833684911
7.5,3,3.029,-0.618180722207222
7.5,3,3.032,-0.618134197233234
7.5,3,3.035,-0.618118584747108
7.5,3,3.038,-0.618133720193886
7.5,3,3.041,-0.618179451532625
7.5,3,3.044,-0.618255639133501
7.5,3,3.047,-0.618362155682858
7.5,3,3.05,-0.618498886096076
7.5,3.5,1.85,-0.391118189828453
7.5,3.5,1.853,-0.395283397152452
7.5,3.5,1.856,-0.399510796310112
7.5,3.5,1.859,-0.403801588204627
7.5,3.5,1.862,-0.408157006031894
7.5,3.5,1.865,-0.412578316273005
7.5,3.5,1.868,-0.41706681972189
7.5,3.5,1.871,-0.421623852549487
7.5,3.5,1.874,-0.426250787405879
7.5,3.5,1.877,-0.430949034561955
7.5,3.5,1.88,-0.435720043092062
7.5,3.5,1.883,-0.440565302099437
7.5,3.5,1.886,-0.445486341986004
7.5,3.5,1.889,-0.450484735768406
7.5,3.5,1.892,-0.455562100442095
7.5,3.5,1.895,-0.460720098395476
7.5,3.5,1.898,-0.465960438876077
7.5,3.5,1.901,-0.471284879510964
7.5,3.5,1.904,-0.476695227883504
7.5,3.5,1.907,-0.482193343168918
7.5,3.5,1.91,-0.487781137830945
7.5,3.5,1.913,-0.493460579382221
7.5,3.5,1.916,-0.499233692210981
7.5,3.5,1.919,-0.505102559476841
7.5,3.5,1.922,-0.511069325078572
7.5,3.5,1.925,-0.517136195696879
7.5,3.5,1.928,-0.523305442915313
7.5,3.5,1.931,-0.529579405422644
7.5,3.5,1.934,-0.535960491300107
7.5,3.5,1.937,-0.542451180397162
7.5,3.5,1.94,-0.54905402679949
7.5,3.5,1.943,-0.555771661393183
7.5,3.5,1.946,-0.562606794529252
7.5,3.5,1.949,-0.569562218792717
7.5,3.5,1.952,-0.576640811880829
7.5,3.5,1.955,-0.583845539595061
7.5,3.5,1.958,-0.59117945895187
7.5,3.5,1.961,-0.598645721417284
7.5,3.5,1.964,-0.606247576270747
7.5,3.5,1.967,-0.613988374103845
7.5,3.5,1.97,-0.621871570459734
7.5,3.5,1.973,-0.629900729619519
7.5,3.5,1.976,-0.638079528541901
7.5,3.5,1.979,-0.646411760962906
7.5,3.5,1.982,-0.654901341662639
7.5,3.5,1.985,-0.663552310906512
7.5,3.5,1.988,-0.672368839068521
7.5,3.5,1.991,-0.681355231444662
7.5,3.5,1.994,-0.690515933264868
7.5,3.5,1.997,-0.699855534912222
7.5,3.5,2,-0.709378777358611
7.5,3.5,2.003,-0.719090557826408
7.5,3.5,2.006,-0.728995935686154
7.5,3.5,2.009,-0.739100138600692
7.5,3.5,2.012,-0.749408568926647
7.5,3.5,2.015,-0.759926810384652
7.5,3.5,2.018,-0.770660635010138
7.5,3.5,2.021,-0.781616010397127
7.5,3.5,2.024,-0.792799107247877
7.5,3.5,2.027,-0.804216307241912
7.5,3.5,2.03,-0.815874211238351
7.5,3.5,2.033,-0.827779647826227
7.5,3.5,2.036,-0.839939682237936
7.5,3.5,2.039,-0.852361625641616
7.5,3.5,2.042,-0.865053044828875
7.5,3.5,2.045,-0.87802177231495
7.5,3.5,2.048,-0.891275916868948
7.5,3.5,2.051,-0.904823874492547
7.5,3.5,2.054,-0.918674339866153
7.5,3.5,2.057,-0.932836318282172
7.5,3.5,2.06,-0.94731913808568
7.5,3.5,2.063,-0.962132463643551
7.5,3.5,2.066,-0.977286308863506
7.5,3.5,2.069,-0.992791051285416
7.5,3.5,2.072,-1.00865744676758
7.5,3.5,2.075,-1.0248966447914
7.5,3.5,2.078,-1.04152020440827
7.5,3.5,2.081,-1.05854011085307
7.5,3.5,2.084,-1.07596879284887
7.5,3.5,2.087,-1.09381914062797
7.5,3.5,2.09,-1.1121045246944
7.5,3.5,2.093,-1.13083881535313
7.5,3.5,2.096,-1.15003640303132
7.5,3.5,2.099,-1.16971221941637
7.5,3.5,2.102,-1.1898817594355
7.5,3.5,2.105,-1.21056110410045
7.5,3.5,2.108,-1.23176694424032
7.5,3.5,2.111,-1.25351660514406
7.5,3.5,2.114,-1.27582807213251
7.5,3.5,2.117,-1.2987200170778
7.5,3.5,2.12,-1.32221182588538
7.5,3.5,2.123,-1.34632362695069
7.5,3.5,2.126,-1.37107632059886
7.5,3.5,2.129,-1.39649160951083
7.5,3.5,2.132,-1.42259203013449
7.5,3.5,2.135,-1.44940098507237
7.5,3.5,2.138,-1.47694277643023
7.5,3.5,2.141,-1.50524264010193
7.5,3.5,2.144,-1.5343267809556
7.5,3.5,2.147,-1.56422240887422
7.5,3.5,2.15,-1.59495777558958
7.5,3.5,2.153,-1.62656221223276
7.5,3.5,2.156,-1.65906616750533
7.5,3.5,2.159,-1.6925012463545
7.5,3.5,2.162,-1.72690024901023
7.5,3.5,2.165,-1.76229721021458
7.5,3.5,2.168,-1.79872743844088
7.5,3.5,2.171,-1.83622755486316
7.5,3.5,2.174,-1.87483553179405
7.5,3.5,2.177,-1.91459073026049
7.5,3.5,2.18,-1.95553393633189
7.5,3.5,2.183,-1.99770739575142
7.5,3.5,2.186,-2.04115484635008
7.5,3.5,2.189,-2.08592154764069
7.5,3.5,2.192,-2.13205430689626
7.5,3.5,2.195,-2.17960150091118
7.5,3.5,2.198,-2.22861309252346
7.5,3.5,2.201,-2.27914064083985
7.5,3.5,2.204,-2.33123730395079
7.5,3.5,2.207,-2.38495783274662
7.5,3.5,2.21,-2.44035855424791
7.5,3.5,2.213,-2.49749734263741
7.5,3.5,2.216,-2.55643357592724
7.5,3.5,2.219,-2.61722807590706
7.5,3.5,2.222,-2.67994302869515
7.5,3.5,2.225,-2.74464188284865
7.5,3.5,2.228,-2.81138922157802
7.5,3.5,2.231,-2.88025060514918
7.5,3.5,2.234,-2.95129237903836
7.5,3.5,2.237,-3.02458144282621
7.5,3.5,2.24,-3.10018497417101
7.5,3.5,2.243,-3.17817010148334
7.5,3.5,2.246,-3.25860351812945
7.5,3.5,2.249,-3.34155103011485
7.5,3.5,2.252,-3.42707702824126
7.5,3.5,2.255,-3.51524387468779
7.5,3.5,2.258,-3.60611119284617
7.5,3.5,2.261,-3.69973504804673
7.5,3.5,2.264,-3.79616700556319
7.5,3.5,2.267,-3.89545305100421
7.5,3.5,2.27,-3.99763235692551
7.5,3.5,2.273,-4.10273587828351
7.5,3.5,2.276,-4.21078475827433
7.5,3.5,2.279,-4.3217885252688
7.5,3.5,2.282,-4.43574306110362
7.5,3.5,2.285,-4.55262832111063
7.5,3.5,2.288,-4.67240578720273
7.5,3.5,2.291,-4.79501563739994
7.5,3.5,2.294,-4.9203736187629
7.5,3.5,2.297,-5.04836761628785
7.5,3.5,2.3,-5.17885391848757
7.5,3.5,2.303,-5.31165319181783
7.5,3.5,2.306,-5.44654619157658
7.5,3.5,2.309,-5.58326925722834
7.5,3.5,2.312,-5.72150966611498
7.5,3.5,2.315,-5.86090095192814
7.5,3.5,2.318,-6.00101833360803
7.5,3.5,2.321,-6.14137444650255
7.5,3.5,2.324,-6.2814156199014
7.5,3.5,2.327,-6.42051900157336
7.5,3.5,2.33,-6.55799088725435
7.5,3.5,2.333,-6.69306666579557
7.5,3.5,2.336,-6.82491283126304
7.5,3.5,2.339,-6.95263153174051
7.5,3.5,2.342,-7.07526810903462
7.5,3.5,2.345,-7.1918220210963
7.5,3.5,2.348,-7.30126141786316
7.5,3.5,2.351,-7.40254145316991
7.5,3.5,2.354,-7.49462615924101
7.5,3.5,2.357,-7.57651339559672
7.5,3.5,2.36,-7.64726203389423
7.5,3.5,2.363,-7.7060201912854
7.5,3.5,2.366,-7.75205302577843
7.5,3.5,2.369,-7.78476841129026
7.5,3.5,2.372,-7.80373876597118
7.5,3.5,2.375,-7.80871744667893
7.5,3.5,2.378,-7.79964844995049
7.5,3.5,2.381,-7.77666864792027
7.5,3.5,2.384,-7.74010237854406
7.5,3.5,2.387,-7.6904488249258
7.5,3.5,2.39,-7.6283631752433
7.5,3.5,2.393,-7.55463298134417
7.5,3.5,2.396,-7.47015138455665
7.5,3.5,2.399,-7.37588893778771
7.5,3.5,2.402,-7.27286564055776
7.5,3.5,2.405,-7.16212455832453
7.5,3.5,2.408,-7.04470807116387
7.5,3.5,2.411,-6.9216374420185
7.5,3.5,2.414,-6.79389605554934
7.5,3.5,2.417,-6.6624163863683
7.5,3.5,2.42,-6.52807052719376
7.5,3.5,2.423,-6.39166394794148
7.5,3.5,2.426,-6.25393206140652
7.5,3.5,2.429,-6.1155391298749
7.5,3.5,2.432,-5.97707904716076
7.5,3.5,2.435,-5.83907755959207
7.5,3.5,2.438,-5.70199553620084
7.5,3.5,2.441,-5.56623295382823
7.5,3.5,2.444,-5.43213332036667
7.5,3.5,2.447,-5.2999883144315
7.5,3.5,2.45,-5.17004246964356
7.5,3.5,2.453,-5.04249777504734
7.5,3.5,2.456,-4.91751809958596
7.5,3.5,2.459,-4.79523337822081
7.5,3.5,2.462,-4.67574352083289
7.5,3.5,2.465,-4.55912202324309
7.5,3.5,2.468,-4.44541927338035
7.5,3.5,2.471,-4.33466555561704
7.5,3.5,2.474,-4.22687376330731
7.5,3.5,2.477,-4.12204183425729
7.5,3.5,2.48,-4.02015492675447
7.5,3.5,2.483,-3.92118735533782
7.5,3.5,2.486,-3.82510430605713
7.5,3.5,2.489,-3.73186335082787
7.5,3.5,2.492,-3.64141577986089
7.5,3.5,2.495,-3.55370777019684
7.5,3.5,2.498,-3.46868140723357
7.5,3.5,2.501,-3.38627557488769
7.5,3.5,2.504,-3.30642672875174
7.5,3.5,2.507,-3.2290695653383
7.5,3.5,2.51,-3.15413759927314
7.5,3.5,2.513,-3.08156365913893
7.5,3.5,2.516,-3.01128031157815
7.5,3.5,2.519,-2.94322022226088
7.5,3.5,2.522,-2.87731646139483
7.5,3.5,2.525,-2.81350276061767
7.5,3.5,2.528,-2.75171372734592
7.5,3.5,2.531,-2.69188502196858
7.5,3.5,2.534,-2.6339535026563
7.5,3.5,2.537,-2.57785734200232
7.5,3.5,2.54,-2.52353611921866
7.5,3.5,2.543,-2.47093089116954
7.5,3.5,2.546,-2.41998424513279
7.5,3.5,2.549,-2.37064033583144
7.5,3.5,2.552,-2.32284490896982
7.5,3.5,2.555,-2.27654531323407
7.5,3.5,2.558,-2.2316905024753
7.5,3.5,2.561,-2.18823102958053
7.5,3.5,2.564,-2.14611903334568
7.5,3.5,2.567,-2.10530821949995
7.5,3.5,2.57,-2.06575383688267
7.5,3.5,2.573,-2.02741264964437
7.5,3.5,2.576,-1.99024290622942
7.5,3.5,2.579,-1.95420430579742
7.5,3.5,2.582,-1.91925796265147
7.5,3.5,2.585,-1.8853663691647
7.5,3.5,2.588,-1.85249335762696
7.5,3.5,2.591,-1.82060406137497
7.5,3.5,2.594,-1.78966487551562
7.5,3.5,2.597,-1.75964341750689
7.5,3.5,2.6,-1.73050848782031
7.5,3.5,2.603,-1.70223003087343
7.5,3.5,2.606,-1.67477909639091
7.5,3.5,2.609,-1.64812780132495
7.5,3.5,2.612,-1.62224929244341
7.5,3.5,2.615,-1.59711770967303
7.5,3.5,2.618,-1.57270815026831
7.5,3.5,2.621,-1.54899663386047
7.5,3.5,2.624,-1.52596006842862
7.5,3.5,2.627,-1.50357621722362
7.5,3.5,2.63,-1.4818236666649
7.5,3.5,2.633,-1.46068179522352
7.5,3.5,2.636,-1.44013074329571
7.5,3.5,2.639,-1.42015138406725
7.5,3.5,2.642,-1.40072529536209
7.5,3.5,2.645,-1.3818347324657
7.5,3.5,2.648,-1.36346260190937
7.5,3.5,2.651,-1.34559243619888
7.5,3.5,2.654,-1.3282083694689
7.5,3.5,2.657,-1.31129511404219
7.5,3.5,2.66,-1.2948379378712
7.5,3.5,2.663,-1.2788226428391
7.5,3.5,2.666,-1.26323554389534
7.5,3.5,2.669,-1.24806344900136
7.5,3.5,2.672,-1.23329363986111
7.5,3.5,2.675,-1.21891385341093
7.5,3.5,2.678,-1.2049122640434
7.5,3.5,2.681,-1.19127746654004
7.5,3.5,2.684,-1.17799845968764
7.5,3.5,2.687,-1.16506463055376
7.5,3.5,2.69,-1.15246573939687
7.5,3.5,2.693,-1.14019190518773
7.5,3.5,2.696,-1.12823359171832
7.5,3.5,2.699,-1.116581594276
7.5,3.5,2.702,-1.10522702686071
7.5,3.5,2.705,-1.09416130992375
7.5,3.5,2.708,-1.08337615860733
7.5,3.5,2.711,-1.07286357146494
7.5,3.5,2.714,-1.06261581964278
7.5,3.5,2.717,-1.0526254365037
7.5,3.5,2.72,-1.04288520767527
7.5,3.5,2.723,-1.03338816150477
7.5,3.5,2.726,-1.02412755990378
7.5,3.5,2.729,-1.01509688956671
7.5,3.5,2.732,-1.00628985354717
7.5,3.5,2.735,-0.997700363177448
7.5,3.5,2.738,-0.989322530316599
7.5,3.5,2.741,-0.981150659913348
7.5,3.5,2.744,-0.973179242870426
7.5,3.5,2.747,-0.965402949197705
7.5,3.5,2.75,-0.957816621441944
7.5,3.5,2.753,-0.950415268381261
7.5,3.5,2.756,-0.943194058973309
7.5,3.5,2.759,-0.936148316546251
7.5,3.5,2.762,-0.929273513222408
7.5,3.5,2.765,-0.922565264564549
7.5,3.5,2.768,-0.916019324435475
7.5,3.5,2.771,-0.909631580061907
7.5,3.5,2.774,-0.903398047293923
7.5,3.5,2.777,-0.897314866051832
7.5,3.5,2.78,-0.891378295952347
7.5,3.5,2.783,-0.885584712106733
7.5,3.5,2.786,-0.879930601083588
7.5,3.5,2.789,-0.874412557029215
7.5,3.5,2.792,-0.869027277939202
7.5,3.5,2.795,-0.863771562074713
7.5,3.5,2.798,-0.858642304517379
7.5,3.5,2.801,-0.853636493857282
7.5,3.5,2.804,-0.848751209008095
7.5,3.5,2.807,-0.843983616144457
7.5,3.5,2.81,-0.839330965756234
7.5,3.5,2.813,-0.83479058981502
7.5,3.5,2.816,-0.830359899048124
7.5,3.5,2.819,-0.826036380315647
7.5,3.5,2.822,-0.821817594086482
7.5,3.5,2.825,-0.817701172009043
7.5,3.5,2.828,-0.813684814573
7.5,3.5,2.831,-0.809766288858204
7.5,3.5,2.834,-0.805943426367302
7.5,3.5,2.837,-0.802214120938662
7.5,3.5,2.84,-0.798576326736318
7.5,3.5,2.843,-0.795028056313854
7.5,3.5,2.846,-0.791567378749322
7.5,3.5,2.849,-0.788192417848187
7.5,3.5,2.852,-0.784901350411763
7.5,3.5,2.855,-0.781692404568405
7.5,3.5,2.858,-0.778563858165033
7.5,3.5,2.861,-0.775514037216565
7.5,3.5,2.864,-0.772541314411025
7.5,3.5,2.867,-0.76964410766806
7.5,3.5,2.87,-0.766820878748831
7.5,3.5,2.873,-0.764070131915281
7.5,3.5,2.876,-0.761390412636823
7.5,3.5,2.879,-0.758780306342574
7.5,3.5,2.882,-0.756238437217524
7.5,3.5,2.885,-0.753763467040737
7.5,3.5,2.888,-0.751354094064153
7.5,3.5,2.891,-0.749009051930322
7.5,3.5,2.894,-0.746727108627646
7.5,3.5,2.897,-0.744507065481671
7.5,3.5,2.9,-0.742347756181089
7.5,3.5,2.903,-0.740248045837129
7.5,3.5,2.906,-0.738206830075061
7.5,3.5,2.909,-0.736223034156644
7.5,3.5,2.912,-0.734295612132389
7.5,3.5,2.915,-0.732423546022382
7.5,3.5,2.918,-0.730605845024845
7.5,3.5,2.921,-0.728841544751176
7.5,3.5,2.924,-0.727129706486676
7.5,3.5,2.927,-0.725469416475873
7.5,3.5,2.93,-0.723859785231687
7.5,3.5,2.933,-0.722299946867437
7.5,3.5,2.936,-0.720789058450968
7.5,3.5,2.939,-0.719326299380019
7.5,3.5,2.942,-0.717910870778123
7.5,3.5,2.945,-0.716541994910287
7.5,3.5,2.948,-0.715218914617716
7.5,3.5,2.951,-0.713940892770958
7.5,3.5,2.954,-0.71270721174077
7.5,3.5,2.957,-0.7115171728861
7.5,3.5,2.96,-0.710370096058588
7.5,3.5,2.963,-0.709265319122989
7.5,3.5,2.966,-0.708202197492978
7.5,3.5,2.969,-0.70718010368181
7.5,3.5,2.972,-0.706198426867283
7.5,3.5,2.975,-0.705256572470554
7.5,3.5,2.978,-0.704353961748303
7.5,3.5,2.981,-0.703490031397823
7.5,3.5,2.984,-0.702664233174521
7.5,3.5,2.987,-0.701876033521528
7.5,3.5,2.99,-0.701124913210869
7.5,3.5,2.993,-0.700410366995927
7.5,3.5,2.996,-0.699731903274747
7.5,3.5,2.999,-0.699089043763834
7.5,3.5,3.002,-0.698481323182117
7.5,3.5,3.005,-0.697908288944726
7.5,3.5,3.008,-0.697369500866238
7.5,3.5,3.011,-0.69686453087314
7.5,3.5,3.014,-0.69639296272512
7.5,3.5,3.017,-0.695954391744997
7.5,3.5,3.02,-0.695548424556927
7.5,3.5,3.023,-0.695174678832662
7.5,3.5,3.026,-0.694832783045596
7.5,3.5,3.029,-0.694522376232328
7.5,3.5,3.032,-0.694243107761544
7.5,3.5,3.035,-0.693994637109925
7.5,3.5,3.038,-0.69377663364494
7.5,3.5,3.041,-0.693588776414199
7.5,3.5,3.044,-0.693430753941289
7.5,3.5,3.047,-0.693302264027768
7.5,3.5,3.05,-0.693203013561211
7.5,4,1.85,-0.430553497551599
7.5,4,1.853,-0.435362188354514
7.5,4,1.856,-0.440241902161808
7.5,4,1.859,-0.445194000617086
7.5,4,1.862,-0.450219879033953
7.5,4,1.865,-0.455320967372969
7.5,4,1.868,-0.46049873125026
7.5,4,1.871,-0.465754672979017
7.5,4,1.874,-0.471090332644916
7.5,4,1.877,-0.476507289216749
7.5,4,1.88,-0.482007161693429
7.5,4,1.883,-0.487591610288738
7.5,4,1.886,-0.493262337655066
7.5,4,1.889,-0.499021090147585
7.5,4,1.892,-0.504869659130265
7.5,4,1.895,-0.510809882325185
7.5,4,1.898,-0.51684364520677
7.5,4,1.901,-0.522972882442397
7.5,4,1.904,-0.529199579381174
7.5,4,1.907,-0.535525773592484
7.5,4,1.91,-0.541953556456125
7.5,4,1.913,-0.548485074805838
7.5,4,1.916,-0.555122532628162
7.5,4,1.919,-0.561868192818523
7.5,4,1.922,-0.568724378996628
7.5,4,1.925,-0.575693477383251
7.5,4,1.928,-0.582777938740578
7.5,4,1.931,-0.589980280378351
7.5,4,1.934,-0.597303088228154
7.5,4,1.937,-0.604749018988223
7.5,4,1.94,-0.612320802341251
7.5,4,1.943,-0.62002124324778
7.5,4,1.946,-0.627853224317777
7.5,4,1.949,-0.635819708263161
7.5,4,1.952,-0.643923740434058
7.5,4,1.955,-0.652168451441736
7.5,4,1.958,-0.660557059871137
7.5,4,1.961,-0.669092875086118
7.5,4,1.964,-0.677779300130599
7.5,4,1.967,-0.686619834728813
7.5,4,1.97,-0.695618078388028
7.5,4,1.973,-0.704777733607199
7.5,4,1.976,-0.714102609195023
7.5,4,1.979,-0.723596623701081
7.5,4,1.982,-0.73326380896367
7.5,4,1.985,-0.743108313778207
7.5,4,1.988,-0.753134407689983
7.5,4,1.991,-0.76334648491525
7.5,4,1.994,-0.773749068394654
7.5,4,1.997,-0.784346813983059
7.5,4,2,-0.79514451477992
7.5,4,2.003,-0.806147105604415
7.5,4,2.006,-0.817359667619509
7.5,4,2.009,-0.82878743310927
7.5,4,2.012,-0.840435790413697
7.5,4,2.015,-0.852310289025315
7.5,4,2.018,-0.864416644851879
7.5,4,2.021,-0.876760745649349
7.5,4,2.024,-0.889348656629416
7.5,4,2.027,-0.902186626245587
7.5,4,2.03,-0.915281092161917
7.5,4,2.033,-0.928638687408239
7.5,4,2.036,-0.942266246725554
7.5,4,2.039,-0.956170813105122
7.5,4,2.042,-0.970359644524418
7.5,4,2.045,-0.984840220882931
7.5,4,2.048,-0.99962025114034
7.5,4,2.051,-1.01470768065916
7.5,4,2.054,-1.03011069875357
7.5,4,2.057,-1.04583774644541
7.5,4,2.06,-1.0618975244277
7.5,4,2.063,-1.07829900123548
7.5,4,2.066,-1.09505142162251
7.5,4,2.069,-1.11216431514175
7.5,4,2.072,-1.12964750492617
7.5,4,2.075,-1.14751111666532
7.5,4,2.078,-1.1657655877715
7.5,4,2.081,-1.18442167672795
7.5,4,2.084,-1.20349047260928
7.5,4,2.087,-1.22298340476293
7.5,4,2.09,-1.2429122526373
7.5,4,2.093,-1.26328915574052
7.5,4,2.096,-1.28412662371016
7.5,4,2.099,-1.30543754647145
7.5,4,2.102,-1.32723520445784
7.5,4,2.105,-1.34953327886355
7.5,4,2.108,-1.3723458618937
7.5,4,2.111,-1.39568746697223
7.5,4,2.114,-1.41957303886242
7.5,4,2.117,-1.44401796364906
7.5,4,2.12,-1.46903807852392
7.5,4,2.123,-1.49464968130914
7.5,4,2.126,-1.52086953964469
7.5,4,2.129,-1.54771489975663
7.5,4,2.132,-1.57520349471318
7.5,4,2.135,-1.60335355206383
7.5,4,2.138,-1.63218380074461
7.5,4,2.141,-1.66171347711908
7.5,4,2.144,-1.69196233000892
7.5,4,2.147,-1.72295062455214
7.5,4,2.15,-1.75469914470802
7.5,4,2.153,-1.78722919420804
7.5,4,2.156,-1.82056259573004
7.5,4,2.159,-1.85472168804826
7.5,4,2.162,-1.88972932088583
7.5,4,2.165,-1.92560884716661
7.5,4,2.168,-1.96238411233188
7.5,4,2.171,-2.0000794403523
7.5,4,2.174,-2.03871961602756
7.5,4,2.177,-2.07832986312502
7.5,4,2.18,-2.11893581786321
7.5,4,2.183,-2.16056349719739
7.5,4,2.186,-2.20323926131127
7.5,4,2.189,-2.24698976966152
7.5,4,2.192,-2.29184192985982
7.5,4,2.195,-2.33782283861056
7.5,4,2.198,-2.38495971385054
7.5,4,2.201,-2.43327981716082
7.5,4,2.204,-2.48281036543879
7.5,4,2.207,-2.53357843073262
7.5,4,2.21,-2.5856108270486
7.5,4,2.213,-2.63893398284615
7.5,4,2.216,-2.69357379783623
7.5,4,2.219,-2.74955548259552
7.5,4,2.222,-2.80690337940463
7.5,4,2.225,-2.86564076261298
7.5,4,2.228,-2.92578961672914
7.5,4,2.231,-2.98737039033512
7.5,4,2.234,-3.05040172383011
7.5,4,2.237,-3.11490014892596
7.5,4,2.24,-3.18087975775085
7.5,4,2.243,-3.24835183937128
7.5,4,2.246,-3.31732448152717
7.5,4,2.249,-3.38780213539583
7.5,4,2.252,-3.45978514127041
7.5,4,2.255,-3.53326921316936
7.5,4,2.258,-3.60824488059934
7.5,4,2.261,-3.68469688599342
7.5,4,2.264,-3.7626035367578
7.5,4,2.267,-3.84193601140762
7.5,4,2.27,-3.92265761997917
7.5,4,2.273,-4.00472301980216
7.5,4,2.276,-4.08807738882972
7.5,4,2.279,-4.17265556008823
7.5,4,2.282,-4.25838112245609
7.5,4,2.285,-4.34516549494058
7.5,4,2.288,-4.43290698392322
7.5,4,2.291,-4.52148983550626
7.5,4,2.294,-4.61078329812907
7.5,4,2.297,-4.70064071402411
7.5,4,2.3,-4.79089866182566
7.5,4,2.303,-4.88137617667032
7.5,4,2.306,-4.97187407834728
7.5,4,2.309,-5.06217444232731
7.5,4,2.312,-5.15204025263295
7.5,4,2.315,-5.2412152792549
7.5,4,2.318,-5.3294242258529
7.5,4,2.321,-5.41637319542398
7.5,4,2.324,-5.5017505220346
7.5,4,2.327,-5.58522801511586
7.5,4,2.33,-5.66646265871548
7.5,4,2.333,-5.74509880101581
7.5,4,2.336,-5.8207708589699
7.5,4,2.339,-5.8931065488284
7.5,4,2.342,-5.96173063559272
7.5,4,2.345,-6.02626917329161
7.5,4,2.348,-6.0863541840429
7.5,4,2.351,-6.14162869813267
7.5,4,2.354,-6.19175205121711
7.5,4,2.357,-6.23640530997556
7.5,4,2.36,-6.27529667611644
7.5,4,2.363,-6.30816670263957
7.5,4,2.366,-6.33479314764583
7.5,4,2.369,-6.3549952913441
7.5,4,2.372,-6.36863755222275
7.5,4,2.375,-6.37563225881797
7.5,4,2.378,-6.37594146340241
7.5,4,2.381,-6.36957772160478
7.5,4,2.384,-6.35660380501364
7.5,4,2.387,-6.33713135922321
7.5,4,2.39,-6.31131856428245
7.5,4,2.393,-6.2793668949535
7.5,4,2.396,-6.24151711184981
7.5,4,2.399,-6.19804463939008
7.5,4,2.402,-6.14925450143076
7.5,4,2.405,-6.09547599022114
7.5,4,2.408,-6.0370572395991
7.5,4,2.411,-5.97435986046513
7.5,4,2.414,-5.90775377734794
7.5,4,2.417,-5.83761238136722
7.5,4,2.42,-5.76430808915945
7.5,4,2.423,-5.68820837124339
7.5,4,2.426,-5.60967228842315
7.5,4,2.429,-5.52904755234379
7.5,4,2.432,-5.44666810700472
7.5,4,2.435,-5.36285221230813
7.5,4,2.438,-5.27790099865971
7.5,4,2.441,-5.19209745308427
7.5,4,2.444,-5.10570579193217
7.5,4,2.447,-5.01897117259181
7.5,4,2.45,-4.93211969619439
7.5,4,2.453,-4.84535865461255
7.5,4,2.456,-4.75887697764758
7.5,4,2.459,-4.67284583976677
7.5,4,2.462,-4.58741938974221
7.5,4,2.465,-4.50273557077658
7.5,4,2.468,-4.41891700296055
7.5,4,2.471,-4.33607190402909
7.5,4,2.474,-4.25429502825948
7.5,4,2.477,-4.17366860690839
7.5,4,2.48,-4.09426327678383
7.5,4,2.483,-4.01613898637078
7.5,4,2.486,-3.93934587138818
7.5,4,2.489,-3.86392509375835
7.5,4,2.492,-3.78990963975076
7.5,4,2.495,-3.71732507454391
7.5,4,2.498,-3.64619025166807
7.5,4,2.501,-3.57651797677765
7.5,4,2.504,-3.50831562598639
7.5,4,2.507,-3.44158571961097
7.5,4,2.51,-3.37632645263509
7.5,4,2.513,-3.31253218355027
7.5,4,2.516,-3.2501938834727
7.5,4,2.519,-3.18929954759607
7.5,4,2.522,-3.1298345711341
7.5,4,2.525,-3.07178209194635
7.5,4,2.528,-3.01512330203939
7.5,4,2.531,-2.95983773010082
7.5,4,2.534,-2.90590349716544
7.5,4,2.537,-2.8532975474355
7.5,4,2.54,-2.80199585618803
7.5,4,2.543,-2.7519736166041
7.5,4,2.546,-2.70320540725243
7.5,4,2.549,-2.65566534185477
7.5,4,2.552,-2.60932720285528
7.5,4,2.555,-2.56416456021272
7.5,4,2.558,-2.5201508767338
7.5,4,2.561,-2.47725960116837
7.5,4,2.564,-2.43546425019469
7.5,4,2.567,-2.39473848033459
7.5,4,2.57,-2.35505615075513
7.5,4,2.573,-2.31639137783515
7.5,4,2.576,-2.27871858230139
7.5,4,2.579,-2.24201252967103
7.5,4,2.582,-2.20624836467386
7.5,4,2.585,-2.1714016402679
7.5,4,2.588,-2.13744834180854
7.5,4,2.591,-2.10436490688042
7.5,4,2.594,-2.07212824125531
7.5,4,2.597,-2.04071573139642
7.5,4,2.6,-2.01010525389086
7.5,4,2.603,-1.98027518215569
7.5,4,2.606,-1.95120439073073
7.5,4,2.609,-1.92287225744085
7.5,4,2.612,-1.89525866368352
7.5,4,2.615,-1.86834399307213
7.5,4,2.618,-1.84210912864298
7.5,4,2.621,-1.81653544881319
7.5,4,2.624,-1.79160482225767
7.5,4,2.627,-1.76729960185657
7.5,4,2.63,-1.74360261784869
7.5,4,2.633,-1.72049717031253
7.5,4,2.636,-1.69796702108346
7.5,4,2.639,-1.67599638520451
7.5,4,2.642,-1.65456992199713
7.5,4,2.645,-1.63367272582915
7.5,4,2.648,-1.61329031664849
7.5,4,2.651,-1.59340863034349
7.5,4,2.654,-1.57401400898345
7.5,4,2.657,-1.55509319098702
7.5,4,2.66,-1.53663330126014
7.5,4,2.663,-1.5186218413402
7.5,4,2.666,-1.50104667957836
7.5,4,2.669,-1.48389604138804
7.5,4,2.672,-1.46715849958362
7.5,4,2.675,-1.45082296483021
7.5,4,2.678,-1.43487867622231
7.5,4,2.681,-1.41931519200648
7.5,4,2.684,-1.40412238046074
7.5,4,2.687,-1.38929041094135
7.5,4,2.69,-1.37480974510556
7.5,4,2.693,-1.36067112831752
7.5,4,2.696,-1.34686558124252
7.5,4,2.699,-1.3333843916341
7.5,4,2.702,-1.32021910631664
7.5,4,2.705,-1.30736152336556
7.5,4,2.708,-1.29480368448611
7.5,4,2.711,-1.28253786759085
7.5,4,2.714,-1.27055657957545
7.5,4,2.717,-1.25885254929158
7.5,4,2.72,-1.24741872071527
7.5,4,2.723,-1.23624824630866
7.5,4,2.726,-1.22533448057257
7.5,4,2.729,-1.21467097378715
7.5,4,2.732,-1.20425146593732
7.5,4,2.735,-1.19406988081982
7.5,4,2.738,-1.18412032032819
7.5,4,2.741,-1.17439705891199
7.5,4,2.744,-1.1648945382065
7.5,4,2.747,-1.15560736182884
7.5,4,2.75,-1.14653029033658
7.5,4,2.753,-1.13765823634483
7.5,4,2.756,-1.12898625979764
7.5,4,2.759,-1.12050956338966
7.5,4,2.762,-1.11222348813402
7.5,4,2.765,-1.10412350907237
7.5,4,2.768,-1.0962052311229
7.5,4,2.771,-1.08846438506265
7.5,4,2.774,-1.08089682363988
7.5,4,2.777,-1.07349851781276
7.5,4,2.78,-1.06626555311058
7.5,4,2.783,-1.05919412611373
7.5,4,2.786,-1.05228054104862
7.5,4,2.789,-1.04552120649429
7.5,4,2.792,-1.03891263219677
7.5,4,2.795,-1.03245142598809
7.5,4,2.798,-1.02613429080644
7.5,4,2.801,-1.01995802181423
7.5,4,2.804,-1.0139195036109
7.5,4,2.807,-1.00801570753732
7.5,4,2.81,-1.00224368906889
7.5,4,2.813,-0.99660058529423
7.5,4,2.816,-0.991083612476851
7.5,4,2.819,-0.98569006369682
7.5,4,2.822,-0.980417306569906
7.5,4,2.825,-0.975262781041527
7.5,4,2.828,-0.970223997253027
7.5,4,2.831,-0.96529853347782
7.5,4,2.834,-0.96048403412505
7.5,4,2.837,-0.955778207808484
7.5,4,2.84,-0.951178825478439
7.5,4,2.843,-0.94668371861458
7.5,4,2.846,-0.942290777477533
7.5,4,2.849,-0.937997949417308
7.5,4,2.852,-0.933803237236613
7.5,4,2.855,-0.929704697607182
7.5,4,2.858,-0.925700439537263
7.5,4,2.861,-0.921788622888634
7.5,4,2.864,-0.917967456941335
7.5,4,2.867,-0.914235199004544
7.5,4,2.87,-0.910590153072073
7.5,4,2.873,-0.907030668520849
7.5,4,2.876,-0.903555138851022
7.5,4,2.879,-0.900162000466244
7.5,4,2.882,-0.896849731492706
7.5,4,2.885,-0.8936168506357
7.5,4,2.888,-0.890461916072391
7.5,4,2.891,-0.887383524379515
7.5,4,2.894,-0.88438030949495
7.5,4,2.897,-0.881450941711863
7.5,4,2.9,-0.878594126704455
7.5,4,2.903,-0.875808604584153
7.5,4,2.906,-0.873093148985257
7.5,4,2.909,-0.870446566179062
7.5,4,2.912,-0.867867694215467
7.5,4,2.915,-0.865355402091148
7.5,4,2.918,-0.862908588943456
7.5,4,2.921,-0.860526183269082
7.5,4,2.924,-0.858207142166778
7.5,4,2.927,-0.85595045060322
7.5,4,2.93,-0.853755120701333
7.5,4,2.933,-0.851620191050262
7.5,4,2.936,-0.849544726036308
7.5,4,2.939,-0.847527815194146
7.5,4,2.942,-0.845568572577592
7.5,4,2.945,-0.84366613614936
7.5,4,2.948,-0.841819667189101
7.5,4,2.951,-0.840028349719196
7.5,4,2.954,-0.838291389947657
7.5,4,2.957,-0.836608015727621
7.5,4,2.96,-0.834977476032867
7.5,4,2.963,-0.833399040448861
7.5,4,2.966,-0.831871998678787
7.5,4,2.969,-0.830395660064113
7.5,4,2.972,-0.828969353119203
7.5,4,2.975,-0.827592425079513
7.5,4,2.978,-0.826264241462964
7.5,4,2.981,-0.824984185644032
7.5,4,2.984,-0.823751658440167
7.5,4,2.987,-0.822566077710128
7.5,4,2.99,-0.8214268779639
7.5,4,2.993,-0.820333509983744
7.5,4,2.996,-0.819285440456114
7.5,4,2.999,-0.818282151614013
7.5,4,3.002,-0.817323140889526
7.5,4,3.005,-0.816407920576175
7.5,4,3.008,-0.815536017500765
7.5,4,3.011,-0.814706972704478
7.5,4,3.014,-0.813920341132861
7.5,4,3.017,-0.813175691334519
7.5,4,3.02,-0.81247260516809
7.5,4,3.023,-0.811810677517432
7.5,4,3.026,-0.811189516014603
7.5,4,3.029,-0.810608740770504
7.5,4,3.032,-0.810067984112852
7.5,4,3.035,-0.809566890331371
7.5,4,3.038,-0.809105115429851
7.5,4,3.041,-0.808682326884966
7.5,4,3.044,-0.80829820341159
7.5,4,3.047,-0.80795243473441
7.5,4,3.05,-0.807644721365686
7.5,4.5,1.85,-0.490431495085838
7.5,4.5,1.853,-0.496207580271016
7.5,4.5,1.856,-0.502070435535605
7.5,4.5,1.859,-0.508021637292152
7.5,4.5,1.862,-0.514062798577576
7.5,4.5,1.865,-0.520195570002945
7.5,4.5,1.868,-0.526421640729453
7.5,4.5,1.871,-0.532742739471283
7.5,4.5,1.874,-0.539160635526067
7.5,4.5,1.877,-0.545677139833628
7.5,4.5,1.88,-0.552294106063774
7.5,4.5,1.883,-0.559013431733828
7.5,4.5,1.886,-0.5658370593567
7.5,4.5,1.889,-0.572766977620205
7.5,4.5,1.892,-0.579805222598416
7.5,4.5,1.895,-0.586953878995833
7.5,4.5,1.898,-0.594215081425133
7.5,4.5,1.901,-0.601591015719265
7.5,4.5,1.904,-0.609083920278756
7.5,4.5,1.907,-0.616696087454905
7.5,4.5,1.91,-0.624429864969756
7.5,4.5,1.913,-0.632287657373601
7.5,4.5,1.916,-0.640271927540754
7.5,4.5,1.919,-0.648385198204477
7.5,4.5,1.922,-0.656630053531724
7.5,4.5,1.925,-0.665009140738536
7.5,4.5,1.928,-0.673525171746766
7.5,4.5,1.931,-0.68218092488293
7.5,4.5,1.934,-0.690979246619816
7.5,4.5,1.937,-0.699923053361542
7.5,4.5,1.94,-0.709015333272738
7.5,4.5,1.943,-0.718259148152395
7.5,4.5,1.946,-0.727657635352958
7.5,4.5,1.949,-0.737214009745191
7.5,4.5,1.952,-0.746931565729219
7.5,4.5,1.955,-0.756813679292146
7.5,4.5,1.958,-0.766863810112543
7.5,4.5,1.961,-0.777085503712034
7.5,4.5,1.964,-0.787482393654086
7.5,4.5,1.967,-0.798058203790061
7.5,4.5,1.97,-0.808816750552327
7.5,4.5,1.973,-0.819761945294355
7.5,4.5,1.976,-0.830897796677231
7.5,4.5,1.979,-0.842228413102215
7.5,4.5,1.982,-0.853758005188477
7.5,4.5,1.985,-0.865490888295184
7.5,4.5,1.988,-0.877431485086758
7.5,4.5,1.991,-0.889584328139905
7.5,4.5,1.994,-0.901954062590787
7.5,4.5,1.997,-0.91454544882039
7.5,4.5,2,-0.927363365175807
7.5,4.5,2.003,-0.940412810724842
7.5,4.5,2.006,-0.953698908040917
7.5,4.5,2.009,-0.967226906014873
7.5,4.5,2.012,-0.981002182689753
7.5,4.5,2.015,-0.995030248114235
7.5,4.5,2.018,-1.00931674720972
7.5,4.5,2.021,-1.02386746264556
7.5,4.5,2.024,-1.03868831771634
7.5,4.5,2.027,-1.05378537921405
7.5,4.5,2.03,-1.06916486028788
7.5,4.5,2.033,-1.0848331232827
7.5,4.5,2.036,-1.10079668254714
7.5,4.5,2.039,-1.11706220720069
7.5,4.5,2.042,-1.13363652384836
7.5,4.5,2.045,-1.15052661923021
7.5,4.5,2.048,-1.16773964279198
7.5,4.5,2.051,-1.18528290916124
7.5,4.5,2.054,-1.2031639005126
7.5,4.5,2.057,-1.22139026880338
7.5,4.5,2.06,-1.23996983785964
7.5,4.5,2.063,-1.25891060529068
7.5,4.5,2.066,-1.27822074420787
7.5,4.5,2.069,-1.29790860472161
7.5,4.5,2.072,-1.31798271518788
7.5,4.5,2.075,-1.33845178317325
7.5,4.5,2.078,-1.35932469610437
7.5,4.5,2.081,-1.38061052156535
7.5,4.5,2.084,-1.40231850720274
7.5,4.5,2.087,-1.424458080195
7.5,4.5,2.09,-1.44703884623911
7.5,4.5,2.093,-1.47007058800357
7.5,4.5,2.096,-1.49356326299238
7.5,4.5,2.099,-1.51752700076034
7.5,4.5,2.102,-1.54197209941519
7.5,4.5,2.105,-1.56690902133668
7.5,4.5,2.108,-1.59234838803752
7.5,4.5,2.111,-1.61830097408508
7.5,4.5,2.114,-1.64477769999637
7.5,4.5,2.117,-1.67178962401251
7.5,4.5,2.12,-1.69934793265147
7.5,4.5,2.123,-1.72746392993067
7.5,4.5,2.126,-1.75614902514305
7.5,4.5,2.129,-1.78541471906176
7.5,4.5,2.132,-1.81527258844013
7.5,4.5,2.135,-1.84573426866404
7.5,4.5,2.138,-1.87681143440446
7.5,4.5,2.141,-1.90851577810755
7.5,4.5,2.144,-1.94085898614974
7.5,4.5,2.147,-1.9738527124736
7.5,4.5,2.15,-2.00750854951002
7.5,4.5,2.153,-2.04183799618
7.5,4.5,2.156,-2.07685242275809
7.5,4.5,2.159,-2.11256303236765
7.5,4.5,2.162,-2.14898081886598
7.5,4.5,2.165,-2.18611652086594
7.5,4.5,2.168,-2.22398057162893
7.5,4.5,2.171,-2.26258304455313
7.5,4.5,2.174,-2.30193359397006
7.5,4.5,2.177,-2.34204139095365
7.5,4.5,2.18,-2.38291505383677
7.5,4.5,2.183,-2.42456257312396
7.5,4.5,2.186,-2.4669912304839
7.5,4.5,2.189,-2.51020751150254
7.5,4.5,2.192,-2.55421701187878
7.5,4.5,2.195,-2.59902433674789
7.5,4.5,2.198,-2.64463299282677
7.5,4.5,2.201,-2.69104527308819
7.5,4.5,2.204,-2.73826213369033
7.5,4.5,2.207,-2.78628306291464
7.5,4.5,2.21,-2.83510594189863
7.5,4.5,2.213,-2.88472689699442
7.5,4.5,2.216,-2.93514014363736
7.5,4.5,2.219,-2.98633782167572
7.5,4.5,2.222,-3.03830982219167
7.5,4.5,2.225,-3.09104360593932
7.5,4.5,2.228,-3.14452401363672
7.5,4.5,2.231,-3.19873306848019
7.5,4.5,2.234,-3.25364977139988
7.5,4.5,2.237,-3.30924988974918
7.5,4.5,2.24,-3.3655057403179
7.5,4.5,2.243,-3.4223859677819
7.5,4.5,2.246,-3.47985531995138
7.5,4.5,2.249,-3.53787442145656
7.5,4.5,2.252,-3.59639954781452
7.5,4.5,2.255,-3.6553824021522
7.5,4.5,2.258,-3.71476989721882
7.5,4.5,2.261,-3.77450394570186
7.5,4.5,2.264,-3.83452126226141
7.5,4.5,2.267,-3.89475318111367
7.5,4.5,2.27,-3.95512549341526
7.5,4.5,2.273,-4.01555830912064
7.5,4.5,2.276,-4.07596594839003
7.5,4.5,2.279,-4.13625686800229
7.5,4.5,2.282,-4.19633362855928
7.5,4.5,2.285,-4.25609290853486
7.5,4.5,2.288,-4.31542557140153
7.5,4.5,2.291,-4.37421679213674
7.5,4.5,2.294,-4.43234624934152
7.5,4.5,2.297,-4.48968838897179
7.5,4.5,2.3,-4.54611276525757
7.5,4.5,2.303,-4.60148446374624
7.5,4.5,2.306,-4.65566461052514
7.5,4.5,2.309,-4.70851097054578
7.5,4.5,2.312,-4.75987863657037
7.5,4.5,2.315,-4.80962080859675
7.5,4.5,2.318,-4.85758966169648
7.5,4.5,2.321,-4.90363729805263
7.5,4.5,2.324,-4.94761677664457
7.5,4.5,2.327,-4.98938321155797
7.5,4.5,2.33,-5.02879492736809
7.5,4.5,2.333,-5.06571465754391
7.5,4.5,2.336,-5.10001076944929
7.5,4.5,2.339,-5.13155849738435
7.5,4.5,2.342,-5.16024116332868
7.5,4.5,2.345,-5.18595136372917
7.5,4.5,2.348,-5.20859209991813
7.5,4.5,2.351,-5.22807782963737
7.5,4.5,2.354,-5.24433541773938
7.5,4.5,2.357,-5.25730496546657
7.5,4.5,2.36,-5.26694049976737
7.5,4.5,2.363,-5.27321050685064
7.5,4.5,2.366,-5.27609829752597
7.5,4.5,2.369,-5.27560219570973
7.5,4.5,2.372,-5.27173554565449
7.5,4.5,2.375,-5.26452653781334
7.5,4.5,2.378,-5.25401785760911
7.5,4.5,2.381,-5.24026616556152
7.5,4.5,2.384,-5.22334142107118
7.5,4.5,2.387,-5.20332606552079
7.5,4.5,2.39,-5.18031408311439
7.5,4.5,2.393,-5.15440995995595
7.5,4.5,2.396,-5.12572756321959
7.5,4.5,2.399,-5.09438896288231
7.5,4.5,2.402,-5.06052321840131
7.5,4.5,2.405,-5.024265151983
7.5,4.5,2.408,-4.98575412878871
7.5,4.5,2.411,-4.94513286265888
7.5,4.5,2.414,-4.90254626381692
7.5,4.5,2.417,-4.85814034265466
7.5,4.5,2.42,-4.81206118120839
7.5,4.5,2.423,-4.76445398141174
7.5,4.5,2.426,-4.71546219674473
7.5,4.5,2.429,-4.66522675156249
7.5,4.5,2.432,-4.61388535023815
7.5,4.5,2.435,-4.56157187633302
7.5,4.5,2.438,-4.50841588033922
7.5,4.5,2.441,-4.45454215313753
7.5,4.5,2.444,-4.40007038117485
7.5,4.5,2.447,-4.34511487848338
7.5,4.5,2.45,-4.28978439001933
7.5,4.5,2.453,-4.23418196037116
7.5,4.5,2.456,-4.17840486165137
7.5,4.5,2.459,-4.12254457431227
7.5,4.5,2.462,-4.06668681469345
7.5,4.5,2.465,-4.0109116032834
7.5,4.5,2.468,-3.95529336794319
7.5,4.5,2.471,-3.8999010766684
7.5,4.5,2.474,-3.84479839484001
7.5,4.5,2.477,-3.79004386231776
7.5,4.5,2.48,-3.73569108614749
7.5,4.5,2.483,-3.68178894507264
7.5,4.5,2.486,-3.62838180245436
7.5,4.5,2.489,-3.57550972460162
7.5,4.5,2.492,-3.52320870189408
7.5,4.5,2.495,-3.47151087043404
7.5,4.5,2.498,-3.42044473229596
7.5,4.5,2.501,-3.37003537274243
7.5,4.5,2.504,-3.32030467305291
7.5,4.5,2.507,-3.27127151785781
7.5,4.5,2.51,-3.22295199609237
7.5,4.5,2.513,-3.17535959488079
7.5,4.5,2.516,-3.12850538583272
7.5,4.5,2.519,-3.08239820338545
7.5,4.5,2.522,-3.03704481495238
7.5,4.5,2.525,-2.99245008275189
7.5,4.5,2.528,-2.94861711728298
7.5,4.5,2.531,-2.90554742249345
7.5,4.5,2.534,-2.86324103275216
7.5,4.5,2.537,-2.82169664179003
7.5,4.5,2.54,-2.78091172381769
7.5,4.5,2.543,-2.74088264706111
7.5,4.5,2.546,-2.70160477998326
7.5,4.5,2.549,-2.66307259047745
7.5,4.5,2.552,-2.6252797383331
7.5,4.5,2.555,-2.58821916128043
7.5,4.5,2.558,-2.55188315492695
7.5,4.5,2.561,-2.51626344689698
7.5,4.5,2.564,-2.48135126548439
7.5,4.5,2.567,-2.44713740312294
7.5,4.5,2.57,-2.41361227497258
7.5,4.5,2.573,-2.38076597291117
7.5,4.5,2.576,-2.34858831521187
7.5,4.5,2.579,-2.31706889217671
7.5,4.5,2.582,-2.28619710798445
7.5,4.5,2.585,-2.25596221900163
7.5,4.5,2.588,-2.22635336879199
7.5,4.5,2.591,-2.1973596200495
7.5,4.5,2.594,-2.16896998366761
7.5,4.5,2.597,-2.14117344514642
7.5,4.5,2.6,-2.11395898852809
7.5,4.5,2.603,-2.08731561803951
7.5,4.5,2.606,-2.06123237761177
7.5,4.5,2.609,-2.03569836843403
7.5,4.5,2.612,-2.01070276469119
7.5,4.5,2.615,-1.98623482762436
7.5,4.5,2.618,-1.96228391804441
7.5,4.5,2.621,-1.93883950742048
7.5,4.5,2.624,-1.91589118765706
7.5,4.5,2.627,-1.8934286796652
7.5,4.5,2.63,-1.87144184082712
7.5,4.5,2.633,-1.84992067144551
7.5,4.5,2.636,-1.82885532026294
7.5,4.5,2.639,-1.80823608913061
7.5,4.5,2.642,-1.78805343690004
7.5,4.5,2.645,-1.7682979826057
7.5,4.5,2.648,-1.74896050800179
7.5,4.5,2.651,-1.7300319595115
7.5,4.5,2.654,-1.71150344964295
7.5,4.5,2.657,-1.69336625792154
7.5,4.5,2.66,-1.67561183138494
7.5,4.5,2.663,-1.65823178468335
7.5,4.5,2.666,-1.64121789982394
7.5,4.5,2.669,-1.62456212559604
7.5,4.5,2.672,-1.60825657670991
7.5,4.5,2.675,-1.59229353268002
7.5,4.5,2.678,-1.57666543648086
7.5,4.5,2.681,-1.56136489300087
7.5,4.5,2.684,-1.54638466731869
7.5,4.5,2.687,-1.53171768282277
7.5,4.5,2.69,-1.51735701919493
7.5,4.5,2.693,-1.50329591027554
7.5,4.5,2.696,-1.48952774182704
7.5,4.5,2.699,-1.47604604921136
7.5,4.5,2.702,-1.46284451499443
7.5,4.5,2.705,-1.44991696649102
7.5,4.5,2.708,-1.4372573732609
7.5,4.5,2.711,-1.42485984456709
7.5,4.5,2.714,-1.41271862680527
7.5,4.5,2.717,-1.40082810091332
7.5,4.5,2.72,-1.38918277976834
7.5,4.5,2.723,-1.37777730557839
7.5,4.5,2.726,-1.36660644727502
7.5,4.5,2.729,-1.3556650979124
7.5,4.5,2.732,-1.3449482720779
7.5,4.5,2.735,-1.33445110331889
7.5,4.5,2.738,-1.3241688415895
7.5,4.5,2.741,-1.31409685072095
7.5,4.5,2.744,-1.30423060591885
7.5,4.5,2.747,-1.29456569128982
7.5,4.5,2.75,-1.28509779740018
7.5,4.5,2.753,-1.27582271886859
7.5,4.5,2.756,-1.26673635199458
7.5,4.5,2.759,-1.25783469242442
7.5,4.5,2.762,-1.24911383285563
7.5,4.5,2.765,-1.24056996078133
7.5,4.5,2.768,-1.23219935627508
7.5,4.5,2.771,-1.22399838981716
7.5,4.5,2.774,-1.21596352016261
7.5,4.5,2.777,-1.20809129225161
7.5,4.5,2.78,-1.20037833516222
7.5,4.5,2.783,-1.19282136010581
7.5,4.5,2.786,-1.18541715846522
7.5,4.5,2.789,-1.17816259987525
7.5,4.5,2.792,-1.17105463034582
7.5,4.5,2.795,-1.1640902704271
7.5,4.5,2.798,-1.15726661341655
7.5,4.5,2.801,-1.15058082360748
7.5,4.5,2.804,-1.14403013457858
7.5,4.5,2.807,-1.1376118475241
7.5,4.5,2.81,-1.13132332962409
7.5,4.5,2.813,-1.12516201245404
7.5,4.5,2.816,-1.11912539043364
7.5,4.5,2.819,-1.11321101931366
7.5,4.5,2.822,-1.10741651470068
7.5,4.5,2.825,-1.10173955061873
7.5,4.5,2.828,-1.0961778581074
7.5,4.5,2.831,-1.09072922385553
7.5,4.5,2.834,-1.08539148887008
7.5,4.5,2.837,-1.08016254717908
7.5,4.5,2.84,-1.07504034456838
7.5,4.5,2.843,-1.07002287735124
7.5,4.5,2.846,-1.06510819117012
7.5,4.5,2.849,-1.06029437982998
7.5,4.5,2.852,-1.05557958416246
7.5,4.5,2.855,-1.05096199092001
7.5,4.5,2.858,-1.04643983169968
7.5,4.5,2.861,-1.04201138189548
7.5,4.5,2.864,-1.03767495967883
7.5,4.5,2.867,-1.03342892500653
7.5,4.5,2.87,-1.02927167865533
7.5,4.5,2.873,-1.02520166128273
7.5,4.5,2.876,-1.02121735251308
7.5,4.5,2.879,-1.01731727004868
7.5,4.5,2.882,-1.01349996880499
7.5,4.5,2.885,-1.00976404006942
7.5,4.5,2.888,-1.00610811068322
7.5,4.5,2.891,-1.0025308422457
7.5,4.5,2.894,-0.999030930340372
7.5,4.5,2.897,-0.995607103782303
7.5,4.5,2.9,-0.9922581238863
7.5,4.5,2.903,-0.988982783755186
7.5,4.5,2.906,-0.985779907587845
7.5,4.5,2.909,-0.982648350006404
7.5,4.5,2.912,-0.979586995402
7.5,4.5,2.915,-0.976594757298851
7.5,4.5,2.918,-0.973670577735894
7.5,4.5,2.921,-0.970813426665703
7.5,4.5,2.924,-0.968022301370174
7.5,4.5,2.927,-0.965296225892519
7.5,4.5,2.93,-0.962634250485164
7.5,4.5,2.933,-0.960035451073096
7.5,4.5,2.936,-0.957498928732272
7.5,4.5,2.939,-0.955023809182701
7.5,4.5,2.942,-0.952609242295765
7.5,4.5,2.945,-0.950254401615452
7.5,4.5,2.948,-0.947958483893065
7.5,4.5,2.951,-0.945720708635123
7.5,4.5,2.954,-0.943540317664063
7.5,4.5,2.957,-0.941416574691377
7.5,4.5,2.96,-0.939348764902906
7.5,4.5,2.963,-0.937336194555929
7.5,4.5,2.966,-0.935378190587774
7.5,4.5,2.969,-0.933474100235578
7.5,4.5,2.972,-0.931623290666975
7.5,4.5,2.975,-0.929825148621363
7.5,4.5,2.978,-0.928079080061541
7.5,4.5,2.981,-0.92638450983532
7.5,4.5,2.984,-0.924740881347015
7.5,4.5,2.987,-0.923147656238403
7.5,4.5,2.99,-0.921604314078987
7.5,4.5,2.993,-0.92011035206528
7.5,4.5,2.996,-0.918665284728932
7.5,4.5,2.999,-0.917268643653376
7.5,4.5,3.002,-0.915919977198878
7.5,4.5,3.005,-0.914618850235684
7.5,4.5,3.008,-0.913364843885099
7.5,4.5,3.011,-0.9121575552683
7.5,4.5,3.014,-0.910996597262665
7.5,4.5,3.017,-0.909881598265435
7.5,4.5,3.02,-0.908812201964497
7.5,4.5,3.023,-0.907788067116183
7.5,4.5,3.026,-0.906808867329797
7.5,4.5,3.029,-0.905874290858796
7.5,4.5,3.032,-0.904984040398395
7.5,4.5,3.035,-0.904137832889488
7.5,4.5,3.038,-0.903335399328684
7.5,4.5,3.041,-0.902576484584323
7.5,4.5,3.044,-0.901860847218322
7.5,4.5,3.047,-0.901188259313741
7.5,4.5,3.05,-0.900558506307846
